"","twitter_handle","user_id","tweetscore","X1","X2"
"1","briebriejoy","1332630685",-1.06469838245359,-4.22892347426223,0.225790008712953
"2","virgiltexas","15970820",-1.8456152206496,-4.92928065831489,1.12284977160524
"3","willmenaker","1450298610",0.745822616188012,-6.96025042899582,2.37395964648721
"4","davidklion","25466022",-1.84374648281173,-2.52529917124439,1.94362462088814
"5","byyourlogic","4726207589",-2.06850851184541,-5.90342867078211,1.55836683260488
"6","ryangrim","16170253",1.0181967557789,-1.77289475326869,-0.134599464643204
"7","kylekulinski","143104075",0.0139937627999119,-5.89943527575466,-1.4424003043095
"8","benjaminpdixon","2949261587",-1.96716190486252,-4.43570425709496,0.315007725069661
"9","krystalball","21862217",-1.6863993517103,-2.51674795258766,-0.455885284011226
"10","kenklippenstein","1634248890",-1.55642097659083,-4.86076255213677,2.15977527282704
"11","cushbomb","21970248",-1.81800635751602,-5.94266545655643,1.94580323624045
"12","ryanlcooper","214120461",-0.763224978936992,-3.05160582462938,1.40168167052425
"13","ninaturner","188793260",-1.97899158131962,-2.88388301390094,-0.232870008248203
"14","alexnpress","2789857374",-2.05464090958854,-4.63701515296914,1.60998419395659
"15","ebruenig","1471542956",0.450947585141729,-2.65610099519013,-0.0204155831046227
"16","jordanuhl","68752979",-0.390711775767525,-3.15508937659134,2.24859207361587
"17","adamjohnsonnyc","756331316",-1.40203627481883,-5.04997090768474,1.4234635275801
"18","mattbruenig","327337127",-1.7504463285206,-3.58737183786283,0.831062147128762
"19","mtaibbi","38271276",0.84845288032285,-2.85828240430306,-2.02320030599284
"20","davidsirota","14855994",-1.5367314755015,-3.66370755835388,0.0889447998462498
"21","naomiaklein","189376144",-2.09196420803186,-2.94947548503689,0.809911627086957
"22","sunraysunray","33805522",-1.76846856863697,-3.97989253986118,0.440322200202175
"23","samseder","15473574",-0.829665226695901,-2.29569083074881,0.991836008570237
"24","meaganmday","547007735",-2.38873494011142,-5.41607905303345,0.666438409490561
"25","kthalps","15859912",-0.290429593108454,-4.21848692722641,-0.0163180987714279
"26","chrislhayes","4207961",-1.30675266548517,-0.935759542675867,0.9022890541063
"27","nathanjrobinson","197080008",-1.31359271658155,-2.78555171086004,-0.0914670917031423
"28","seanmcelwee","318692762",-0.90141197915098,-1.78274466710482,1.03581041907933
"29","mmflint","20479813",-1.80390210383425,-1.85285690296461,-0.106219410160898
"30","hasanthehun","326756275",-0.565724181825582,-5.09540052733376,1.7709248148108
"31","drmistercody","36618079",0.459822505760871,-3.29252329696131,2.92059287177717
"32","nomikikonst","16879936",0.485463294392066,-2.94613621819613,-0.571892879255729
"33","heerjeet","604940737",-2.01472943918304,-1.80478232576111,1.26593718238057
"34","cenkuygur","429227921",-1.84014596593961,-2.37221650526692,-0.760508936240991
"35","micahuetricht","195631270",-1.18332251993079,-3.99432537157652,0.55112893124794
"36","lukewsavage","283258239",-1.44230544652715,-6.09927540519579,0.792617959448766
"37","ggreenwald","16076032",0.27263166258882,-3.01553833675563,-2.46979947129924
"38","nataliesurely","243800816",-1.61827117161344,-4.18304837503364,1.13015344551687
"39","profwolff","78768913",-0.5680931552208,-3.20910911601308,-0.414808296309127
"40","cornelwest","36743910",-1.23487291432279,-2.58151779384659,-0.534612603551834
"41","katearonoff","637196658",-1.9998170082398,-3.10445690635474,1.36892525601692
"42","shaunking","755113",-1.83224540921857,-2.50708284559655,0.378317694750224
"43","jbouie","14190948",-2.30885738576849,-1.0115569732962,1.11983753714743
"44","ashleyfeinberg","165944767",0.683482964194711,-2.17960800497246,1.92364755341436
"45","jeremyscahill","23839835",0.294374089638105,-2.57643343534908,0.424145550340062
"46","trillburne","322430128",-0.851354007584432,-5.60913674070184,1.93831976895029
"47","libbycwatson","26579715",NA,-2.97933232920824,2.06344595606098
"48","feraljokes","18194194",-1.26447376470257,-5.21605138866403,2.34596103000005
"49","eoinhiggins_","277880167",-1.74458829771262,-4.92043558647378,1.80238481291443
"50","rbreich","148529707",-1.4567424976128,-0.895258213277204,1.56850038066046
"51","maxblumenthal","53789862",-0.234539203116492,-4.66570679620044,-1.77044658347839
"52","anakasparian","23865382",-1.41134885684361,-3.31315082433111,-0.431435776761042
"53","robrousseau","18000989",-1.43042753249032,-6.14507352885409,1.8221715615794
"54","ezraklein","18622869",-1.00004870457418,0.0840058747761319,0.256374656363103
"55","davidcorndc","15220768",0.411248871587763,0.923307188478908,1.08608765293158
"56","pareene","50149303",-1.4697916189417,-2.44249279246312,1.40119853153087
"57","carlbeijer","913252447",-1.67654706697431,-5.3985698056495,1.12226074594577
"58","anandwrites","24889586",0.164980485408603,-1.03940541363101,1.38637487630721
"59","liz_franczak","21926927",0.566348332410305,-6.6686184938412,0.868685464496664
"60","peterdaou","18464266",-0.798789834832835,-2.04670086439857,0.492688764959705
"61","emmavigeland","742453163098296320",-1.7596270983609,-2.52713945793279,0.660381982278804
"62","jamie_elizabeth","17985093",-1.44715153646084,-4.34986533512532,0.988621601328461
"63","lhfang","7900962",1.07221520418617,-3.61056980243096,-1.66449985317335
"64","deep_beige","605556917",1.12593551375637,-4.5930669388413,1.43263494160648
"65","prettybadlefty","753005970318626816",-1.48602847702151,-5.13576112988626,0.800737648541982
"66","mehdirhasan","130557513",-0.437717233049912,-1.07837449382068,1.48079992578872
"67","onesarahjones","113250460",-1.45130571324621,-3.09617611967837,1.90645161562702
"68","davidaxelrod","244655353",0.553778092598625,1.48450353788964,0.384933513057057
"69","maddow","16129920",-0.129313829643471,0.919264845757921,1.17239582304173
"70","crulge","14887636",-0.587754856216874,-5.00351915431479,1.87652246394445
"71","mattyglesias","15446531",-1.25324507136878,-0.596485933032749,0.265309791876282
"72","aaronjmate","153517357",-1.29377072686653,-5.42972753079265,-2.33982905727205
"73","atrupar","288277167",-1.2821030421252,0.85681604341027,3.14613411893504
"74","jonfavs","130496027",-0.631327494257488,0.122753645718149,0.748950955446174
"75","shaun_vids","755024353708892160",0.442736669649617,-4.9273264271774,4.85731592479016
"76","gaywonk","323599188",-2.27692170522336,-2.22612387210669,2.68142774154807
"77","krangtnelson","4517565515",0.46559689816538,-5.73866407875789,2.34121214569418
"78","gunnelswarren","2725669979",-2.34905136897856,-3.59383506297016,0.270303583346684
"79","aidachavez","1672053968",-0.60080522874589,-2.97492512969006,0.842112088625776
"80","walkerbragman","479724576",0.398047127843317,-3.25173308445957,-0.585891254239741
"81","wideasleepnima","218597735",-1.99235259474971,-3.40979712721709,1.55282323820358
"82","breenewsome","110326494",-1.92338978851255,-0.99181904193712,2.48981923132145
"83","elivalley","23985504",-1.84927560090762,-4.4200456251777,2.68759265099079
"84","shujaxhaider","18432426",-2.27379231486327,-4.85507899022461,1.54254516920128
"85","zephyrteachout","15467700",-1.88413383589057,-2.21085868696622,0.779895075878015
"86","mattbinder","14931637",-0.907864350411835,-3.81720406699193,0.596673272247753
"87","matthewstoller","2030711",0.0329782651224157,-2.49687697722651,-1.11497378114031
"88","garbageape","738007484946894848",-1.78213068921126,-5.06740235558391,1.63117373758271
"89","johniadarola","25694156",-1.66609939829078,-2.74967872779061,0.266305399192379
"90","lawrence","158426909",-1.18438269914896,0.793500342476602,1.7401031821808
"91","tvietor08","155784594",0.429729338583594,0.453473091840776,0.975909753320069
"92","contrapoints","27938182",-1.68268692875279,-3.10386641982185,3.37051486951457
"93","brandyljensen","3099901028",-1.41712444756678,-4.10415271016556,2.90998318803715
"94","internethippo","19638752",-0.451742050170933,-5.41942464840426,2.51682502506668
"95","pattymo","2328421",-1.76757485020191,-3.86210194814096,3.70156918201453
"96","econ_marshall","2496925550",-2.3624873309065,-3.27587297762054,1.64722854583495
"97","danieldenvir","226963044",-2.01561683937579,-3.51958987210318,0.703043452617917
"98","iphilsomething","55080227",-2.30188621147421,-2.97837545429499,0.188825345800057
"99","coreyrobin","38413836",-1.6650991421587,-2.80810302732259,0.88065769826535
"100","sethabramson","3223426134",NA,2.19447422603775,2.19652212641983
"101","_waleedshahid","329115426",-1.31583908082503,-2.28291832579576,0.912701880370135
"102","danpfeiffer","2922928743",-0.849136608098273,0.530949160357992,0.889655498487734
"103","joyannreid","49698134",0.279477017382328,0.954763259019309,1.72039246897646
"104","karpmj","226344061",0.0167547980244891,-4.61689497638305,0.28780595876613
"105","classiclib3ral","813554157097459714",-0.0408658375244281,-2.68005529837208,2.49667630017045
"106","alexandrasiera","794962652556443649",-1.1451477107506,-1.79306636192995,0.647157058004105
"107","jackcalifano","776121625229991936",-2.03404056442411,-3.74533075144943,0.90204172574311
"108","ayocaesar","619050616",-1.62723090315492,-3.71970274803114,1.80199501498802
"109","adamfriedland","291762556",-0.783278895419189,-5.52055781040515,1.97346967468898
"110","kath_krueger","228990510",-0.562443425617627,-4.09257869756967,2.26769291247494
"111","rcbregman","200514238",-1.98098580399486,-2.01829515538311,1.40656651063632
"112","j_manprime21","127398666",-1.24105077524808,-4.73770447520496,0.030199649581004
"113","profdavidharvey","84944278",-2.09809756929767,-3.29112255381139,0.68161508949198
"114","abbymartin","24258355",-2.27816245116787,-5.97947024937375,-0.250052620077112
"115","grimkim","15814350",-1.95339807606022,-3.03889128317197,2.55309581801075
"116","mattlech","14980220",0.24092688616056,-3.76878288410574,1.43461524989462
"117","nhannahjones","25598396",-0.536972172122463,-0.471030595292377,1.86063743146345
"118","jonathanchait","50446226",0.0578477080288947,0.276097617362455,0.173036520889951
"119","raniakhalek","37501003",-1.26292730188603,-4.31414290715591,-0.0527467999707738
"120","realtimblack","1013374544",0.738998338130286,-3.11741326720045,-0.706311368336105
"121","revdrbarber","2400284491",-1.61812742863725,-0.739155357198379,2.31528061421595
"122","davidhogg111","1915033663",-0.579657507627618,-0.118643953705682,1.73802734698565
"123","benburgis","1006272236028915712",0.994645513737262,-3.42661699768212,-0.770169453005495
"124","shoe0nhead","1733467884",0.500756803865272,-6.18273397017979,-4.06938306134823
"125","franifio","547114168",-1.6045773430292,-2.58668242278893,1.07169880024956
"126","esglaude","180535644",-1.6309125635946,-0.622852536218469,2.06094678637833
"127","keeangayamahtta","148192924",-1.63591738847791,-2.72151432350418,0.949260366596025
"128","samadlerbell","142386580",0.50663916481701,-3.39656112366652,1.49808066459484
"129","markamesexiled","38214152",0.284399311359249,-4.81825083773593,-1.12057876237557
"130","daviddoel","18805188",-1.38897015535879,-3.97156682258506,-0.22353502701843
"131","fshakir","7868832",0.46020173514587,-1.2404332125372,-0.19957083345974
"132","ddayen","7864222",-1.54829297391463,-2.45771882948026,0.522522953145944
"133","paulkrugman","17006157",-1.24841083899162,-0.197334941983003,0.839072493327022
"134","adamserwer","16326882",-0.833642237228864,-0.769892821247719,1.30165302966271
"135","brhodes","820354372827758592",-1.57830079241793,-0.0720325422801165,1.36241601200613
"136","mollyjongfast","14298769",-0.632229055201307,0.795990558411082,4.23687848369394
"137","jaketapper","14529929",1.15093452085224,1.08178865039529,0.0460635047900343
"138","drdooleymd","2917736960",-0.91123444423359,-3.78692213615489,-0.240712662022818
"139","jordanchariton","113364160",-1.8104395173314,-3.03390135349758,-0.672867207333505
"140","gtconway3d","471677441",0.898986708168747,2.03895497844525,0.875796083551206
"141","danrather","36711022",-0.909054858728241,0.873033894615485,1.65511580530295
"142","brianbeutler","21696279",0.704675126211037,-0.677968577921729,1.2485733216059
"143","marclamonthill","20068679",0.609849416484822,-1.69694671377443,-0.681840494004794
"144","jaboukie","319769408",-1.85906532417078,-3.78431080449346,2.18788319967721
"145","respectablelaw","863320472641044481",-1.11406273052705,-3.99539424823137,1.92206580917745
"146","jaredlholt","2885543426",0.0462566148318198,-3.32990805233565,3.62886199414061
"147","emilygorcenski","1483064670",-2.27815605001383,-2.15666797996204,4.09670865028185
"148","chrislynnhedges","759786534",-0.947224482065749,-4.39071813933884,-1.93596628700512
"149","malaikajabali","155260599",-1.782841119511,-3.9482374972662,0.430704725682163
"150","anastasiakeeley","118938550",-0.454640878274924,-3.05265634951591,1.69012391386909
"151","bronzehammer","36195015",-0.950452025501773,-4.86059607813091,3.29755754236248
"152","nycsouthpaw","22429979",0.580704571359534,-0.282726856799879,1.23241678394715
"153","dpakman","21514744",-0.962807252784171,-0.952952000043116,0.316780494834547
"154","preetbharara","834081571493785600",0.928060670488607,2.21548300399594,0.755886493893922
"155","joycewhitevance","548384458",-1.36827949255269,1.95133466929343,2.46520222921815
"156","antifashgordon","1038816795036200964",1.26700005082741,-2.8280654112498,3.25018805786452
"157","kevinmkruse","3060489838",-1.56461279671168,-0.184472020497691,2.0314269841101
"158","roseanndemoro","573842268",-1.45942792439464,-3.44945630830747,-0.455410572741402
"159","samstein","15463671",1.0568855706617,0.46062594547666,0.393709195585714
"160","brianstelter","14515799",0.826058904386532,0.932374306534633,0.2707345842947
"161","billkristol","2800581040",1.31271849599223,1.2510850281854,-0.187929029297502
"162","maggienyt","93069110",1.22775846552031,1.61023612279005,-0.339830917380918
"163","elienyc","40353407",-1.28539371413672,-0.127105900756265,2.60317867727114
"164","esaagar","408806531",1.28448745238609,-1.50023052101016,-3.92709584455705
"165","leslieleeiii","36517491",-2.13416491923886,-5.25351267480618,0.902894686430931
"166","jackallisonlol","18497157",0.667086727852712,-5.45036662505759,1.87007978067998
"167","shannonrwatts","246939630",-1.87072263792838,0.881604678023752,2.40439704626606
"168","billmckibben","21786618",-1.9274324755018,-1.54381194650062,0.625683439817178
"169","bad_takes","3344423229",1.32690745002034,-3.5064639542646,3.17841149603281
"170","jadomian","368448364",-1.75857355096412,-4.56242600671464,1.40940087186554
"171","david_j_roth","171346034",-1.7919464460248,-3.51736767075839,3.35644770998379
"172","allahliker","1155167918293995521",1.2679129329318,-4.64526195649244,2.93501255762575
"173","connorsouthard","1097291030",0.895749942051186,-5.1596515871547,2.16260940702904
"174","benjaminnorton","852269288",-0.16205453754788,-5.5594884195544,-0.836947646792468
"175","ericlevitz","825713234",-1.75413427323394,-2.14471705724167,0.907269914242455
"176","chick_in_kiev","595245502",-1.72027506955391,-1.98449931651357,2.8013197052266
"177","lizardrumsfeld","384993861",-2.32291376050796,-4.4887651069072,2.64581588169771
"178","cascamike","338779219",-1.04815717947179,-3.07349620095598,0.609333072213562
"179","nkulw","253586885",-1.84535068135084,-3.78965810337502,2.03235804559719
"180","vanjones68","131497030",0.888667071355066,-0.550378030079272,-1.28312919371386
"181","proustmalone","114232540",-1.44776820478286,-5.04063590685955,-0.358242351049693
"182","owenjones84","65045121",-2.0652142586233,-3.25303976935689,0.648463655555575
"183","hbomberguy","29472053",-2.29986485004812,-4.99836383577144,3.46658994467563
"184","lsarsour","27187343",-1.4030591726486,-2.45307253440847,0.355317071710048
"185","pblest","22529203",-1.92292169544301,-3.60596333921368,1.76049274695558
"186","andrewperezdc","21579498",-0.92479387132634,-3.32869978756086,0.802351289175835
"187","mattbors","15161984",-1.83167068461394,-3.19387335613917,2.13621908323066
"188","mcbyrne","14372270",-1.2192556530945,-1.96887565255448,1.6299574498581
"189","daveweigel","13524182",1.08395276360064,-0.648430571276015,0.25846963461465
"190","bethlynch2020","829715365223682048",-1.94177487657934,-4.71359657945072,-0.60445817865798
"191","pixelatedboat","2999158160",-1.39964436774104,-3.93992447500242,4.71421015230195
"192","waltshaub","830908366377611266",-1.3515615523066,1.05981101246814,2.02944677217139
"193","bourgeoisalien","2396910715",-2.32074599116124,-5.04623623587218,0.339156056660379
"194","jemelehill","35586563",-1.43261573891668,-0.659801182313581,2.15429836882448
"195","katyturnbc","39000115",0.403502234037568,1.06566610786318,1.11098272310633
"196","maxboot","28162211",1.0719074612306,2.363420748388,1.25714735011389
"197","joenbc","21619519",0.689144575942322,1.8537978905874,-0.0910475366725913
"198","mtracey","24127811",0.861650768103591,-2.43548330144652,-3.00563643670887
"199","jabaribrisport","833866550906068992",-1.6204499274241,-3.4077703728352,-0.0282551535258064
"200","natesilver538","16017475",0.140132023089253,0.19953730237264,-0.244232735461487
"201","davidfrum","18686907",0.8549532523834,0.931520142962477,0.299024591684194
"202","redistrict","74820061",0.680874859842065,0.441776933284869,-0.282517169662959
"203","nate_cohn","463765807",-0.283700642097786,0.209014624616179,-0.310986915878391
"204","therickwilson","19084896",1.31236686391038,1.52626836411506,0.299457674634148
"205","jbarro","16244449",0.646320984114066,0.356804051015667,-0.669483832963496
"206","philiprucker","59331128",1.14117421048529,1.81112566826882,0.134667819379903
"207","benjaminwittes","186667011",0.914017986421985,1.90109814571441,0.783535823118272
"208","steveschmidtses","786309892990574592",0.306362164908066,1.83075431902524,0.908495951115227
"209","natashabertrand","372536101",0.769639333463781,1.46981627590074,1.55925663756174
"210","tribelaw","4091551984",-1.44283665443594,1.99627383627446,1.67132103029576
"211","peterbakernyt","123327472",1.22555348103909,2.17339435790447,-0.0152346804867989
"212","radiofreetom","459872442",1.16688169406199,2.30362866583898,0.423368910459199
"213","davidafrench","240107748",1.39389638839427,0.707560325752599,-1.71359947487137
"214","jrubinblogger","218975278",0.397748819231055,1.70318376885163,0.973401193530516
"215","ananavarro","19568591",1.09716158038054,1.73781595795884,0.091206971546133
"216","matthewamiller","55948054",-1.12904632745132,1.25106698907128,1.16485977089922
"217","joshtpm","21268897",0.349283551263138,0.534995482938196,0.609014288686989
"218","seungminkim","19186003",1.18623425059397,1.37124247342285,-0.253994920004902
"219","chucktodd","50325797",1.101922274899,1.56785314705794,-0.473588242996605
"220","neal_katyal","780206406024691712",-0.789684879002098,2.13321847903784,2.12295058591586
"221","nicolledwallace","860555190",1.08338736327295,2.56323264967748,1.18951693873808
"222","theplumlinegs","20508720",0.591624482700554,0.396466689034667,0.946751366814376
"223","forecasterenten","138141495",-1.51590000217215,-0.0296212317376697,-0.491724761853464
"224","sykescharlie","95463107",1.39613385589405,1.19021702482745,-0.465072349435651
"225","jonlovett","174110843",0.586148327489906,-0.119072849258404,1.08642173302325
"226","cillizzacnn","14412533",1.00661406185831,1.29083511589812,-0.465858735384664
"227","jonahdispatch","71627462",1.54977474102927,1.22965887566321,-1.62176194843291
"228","matthewjdowd","288363743",0.0860709065116192,1.88066860802329,0.501551930350825
"229","timodc","21348880",1.15406706035563,0.870481110531649,-0.417804900070793
"230","hotlinejosh","21612122",1.22123960847748,1.11954619575811,-1.19379045348983
"231","jakesherman","21252618",1.25014423805654,1.72491470537711,-0.599862395347602
"232","ryanlizza","80617430",1.02722098342355,1.06472811983036,0.252576673790907
"233","timalberta","184860130",1.31511873134343,0.805301374626891,-0.767292026573389
"234","jheil","14251225",0.69058325057671,1.67955756051336,0.607720962035163
"235","alexburnsnyt","79743108",0.185147487440047,0.754642222587689,-0.177793584958486
"236","amyewalter","50073507",1.27012282953572,1.16583101237567,-0.549858350477351
"237","susan_hennessey","7855062",-0.239822961106974,1.22041502425407,1.17968954083955
"238","douthatnyt","546135718",1.11663927616156,-0.301122296943326,-1.51149491217416
"239","juddlegum","15464697",0.307417116692695,-0.217304033747103,1.33229002370162
"240","popehat","18839937",0.99592236834771,-0.100529980592928,0.114446129378775
"241","conor64","14046504",1.09611646785597,-0.512900123380662,-1.11726385283384
"242","larrysabato","21313053",1.09660424251484,1.11649387373445,-0.126053468474681
"243","dandrezner","75797367",0.676678093008629,-0.0230977478159645,0.0795808641069515
"244","jonlemire","182398325",0.938775806061067,1.98210712517045,0.0315010114284027
"245","saletan","83374478",1.00443479008312,0.379062567438582,-0.101635069439926
"246","sallyqyates","875029068223315968",-1.48487300270754,2.11562443833181,0.939960894823974
"247","ianbremmer","60783724",0.858989340645167,0.982578335872697,-0.0499255261884545
"248","jeffreygoldberg","47448886",0.964608463643695,1.29576545633574,-0.0673564914312247
"249","asharangappa_","510464011",0.424625035640142,2.2422912631227,2.11946905660393
"250","asteadwesley","362111287",-1.39006343487202,-0.433369100448377,0.79637070879302
"251","nickconfessore","258885469",0.977823669274928,0.969555551235823,-0.10340622820564
"252","abbydphillip","126722715",1.12455547891067,1.23260572913084,0.300783889242272
"253","jwgop","532690100",-0.106068958958504,1.51058084403859,0.704911646666879
"254","mcfaul","454099919",0.129014163232834,1.90186086892721,1.16902708931692
"255","ronbrownstein","731167584",1.1015740924942,0.926305588959163,-0.0860677006570566
"256","rwpusa","2863996955",-1.29563651969996,2.048235309022,1.60573513429427
"257","aslavitt","1383272101",-1.71940276080819,0.950542573698222,1.90407490599511
"258","malcolmnance","2573480784",-1.74425297366128,1.68939552458864,2.93669274192025
"259","seantrende","125375423",1.33348544512596,0.0731529349541426,-1.46073423313832
"260","sullydish","331816614",0.884248339585063,-0.0550834987841421,-0.983749001912284
"261","alivelshi","16378486",0.519888539961331,1.32957426654866,1.92983369165635
"262","jonkarl","15931637",1.18345889152996,1.56777845777673,-0.67229409618097
"263","sarahkendzior","47475039",-1.18742617468487,0.111725365719724,2.48001667784833
"264","stuartpstevens","1543986138",1.26925597672266,1.27083404958351,0.0116854847654487
"265","anniekarni","309282144",1.10803077448813,1.46175488990449,0.12416694269946
"266","benyt","9532402",1.10761936889101,0.0316199597660828,-0.534025949491126
"267","emptywheel","15985111",-0.715831228385577,-0.691687404254943,1.67274195741037
"268","jimsciutto","22129280",0.909593902404343,2.20409220613065,0.837771258344197
"269","neeratanden","125453969",-1.72550944807699,0.789323540425135,1.0985386280397
"270","paulbegala","352548417",-0.834069541111729,1.33636352919494,0.476410800130361
"271","pbump","950531",0.0223962712237824,0.0372335142819092,0.633811539878727
"272","charlescwcooke","233484761",1.68660201769567,0.677433865815378,-2.26892992988542
"273","frankluntz","197496309",1.275105475996,1.13962697436823,-1.2830014055664
"274","juliaioffe","71048726",1.09587696749215,0.834849535486555,0.425687842585485
"275","georgewill","2255182597",1.24348064804998,2.41097249940459,-1.24538240074401
"276","halliejackson","37590426",1.04333611630488,1.41608703064709,-0.335338987198362
"277","kkondik","251627765",0.872317215638078,0.358125156604608,-0.656245170371865
"278","noahcrothman","168531961",1.15468003852065,0.941917679946854,-1.54038141041143
"279","billscher","14246055",-0.257139805925712,0.0572580624727679,-0.283520813431265
"280","elistokols","75939860",0.940885705474864,1.47704030534991,-0.122590534217819
"281","evanmcmullin","1051396218",1.30116143943651,2.12738301695554,1.1408591587006
"282","murphymike","20786801",1.17111788478466,1.3886505109372,-0.161118624430713
"283","normeisen","1965420800",0.497763060554734,1.73801657169125,1.4283500718694
"284","ambassadorrice","820378690920058880",-0.659140879898696,1.33146433389318,0.874527421279652
"285","benshapiro","17995040",1.92497034411127,0.519015016171289,-2.9092376619489
"286","gelliottmorris","57029492",-0.926187673005888,-0.0614513011379132,-0.0330583881297316
"287","ktumulty","14270650",1.09417272971315,1.23235082774999,-0.0153176109248602
"288","mollyesque","130945778",1.09190620464339,0.636954275727538,-0.167244930938977
"289","normornstein","2223157392",-1.04199676926488,1.12112837269112,1.22545599293192
"290","renato_mariotti","759481842814726144",0.878714215589377,2.07562867479094,1.44540148840665
"291","sruhle","382685028",0.70158928379654,1.97708191661867,1.2291047770623
"292","willwilkinson","2568461",0.955432419266647,-0.44252828498997,0.0764051407035377
"293","benjysarlin","16006592",0.841764040770302,0.105949580277521,-0.14388378348315
"294","blakehounshell","17243582",1.03533190071767,0.873110296226109,0.057587981803025
"295","davidjollyfl","2178681566",0.940053556405786,2.35937880885266,1.34496534168047
"296","edokeefe","16930125",1.19272453169929,1.42068890941119,-0.443447186364962
"297","ejdionne","453319164",0.554666057658138,0.723077219384282,0.766131449090315
"298","glennkesslerwp","235196204",0.952485211859861,1.11520538903288,0.199357630122574
"299","mepfuller","398088661",1.14046383049191,-0.384226833864729,0.126995443843758
"300","cjane87","15195539",0.266418825694159,-0.719596725452155,-0.463223392012173
"301","claremalone","43360950",1.07493332157982,-0.128511163295844,-0.137128345093915
"302","janemayernyer","561516853",0.146814728897073,0.444248872752857,0.943291727926712
"303","mimirocah1","774407512598704128",-0.161399675844839,1.6892599295413,1.71581045572228
"304","nytdavidbrooks","633980404",1.15812576972905,0.62016950798445,-1.24926883939347
"305","asymmetricinfo","16353245",0.88835264223696,0.00880113768442634,-1.5774399620012
"306","barbmcquade","20094409",-0.0883471322525111,2.44908601418845,2.27166802725142
"307","mckaycoppins","21431618",1.22324497079288,0.500523636923823,-0.553684365155882
"308","noahpinion","281877818",-2.012278933454,-0.838959097008615,-0.139313153930941
"309","richlowry","40116885",1.43670958612723,1.05231453486447,-1.72834169881583
"310","stephenfhayes","69773058",1.48127156654447,1.57939633187291,-1.40314938941122
"311","brendannyhan","84653850",0.993925979047282,0.233720168792182,0.223392477622423
"312","heidinbc","234186830",0.91713306796866,1.71781024554743,0.47606862726323
"313","isaacdovere","115564212",0.814682160487333,0.943729664399335,-0.00168438236632356
"314","johnwdean","160010755",0.057079945449159,1.68506456100445,1.57742053988861
"315","sbg1","31037199",0.913724595221593,1.59060064104611,0.520604996645944
"316","beschlossdc","874916178",0.7605757710137,1.25142008834976,0.713117052524581
"317","brianefallon","42995067",-0.640367653291959,0.622855066388514,0.564317807283937
"318","davidplouffe","1111940934",0.321455851042289,1.02953766921558,0.405716440650593
"319","frankfigliuzzi1","929823128259387392",-0.263097219988694,1.70293755047732,1.33019013847455
"320","ignatiuspost","423631401",0.660089846088501,2.13964851725216,0.524536627031879
"321","mmurraypolitics","92079350",-0.405252787651816,0.684929247405862,0.146918111816569
"322","rameshponnuru","305189255",1.58575485101871,0.497635776445911,-1.80120421180798
"323","apalmerdc","77032777",1.18973541427634,1.54758776127296,-0.295430332493744
"324","billgalston","1968918331",1.00529596404786,0.783512560150863,-0.548074726465081
"325","greenfield64","262223982",0.970850306472342,0.853158344039894,-0.165591309577219
"326","jillwinebanks","454071012",-1.39594718864035,2.56289561124334,2.90999589826914
"327","kurteichenwald","215207998",0.432416374809409,1.61566812886078,2.1846353244877
"328","markhalperin","184136149",1.20529709477267,2.62812960440954,-0.781434891433036
"329","nytmike","17436250",1.08022977045084,1.69496122194317,0.0941256101739558
"330","timobrien","20742461",-0.545923111447207,1.45883289965577,1.58844048390981
"331","charlesmblow","20772763",0.672387665825186,0.359682906396041,1.466305523909
"332","jayrosen_nyu","14834340",-1.66803278602489,-0.350988010705203,1.04482936113644
"333","joshrogin","15766082",1.17099019192974,1.28712144739013,-0.658038754214796
"334","mattklewis","16887628",1.34311405467886,1.6287056523884,-1.1510123505213
"335","nickkristof","17004618",0.377495071821563,1.52795000261922,1.13601203886139
"336","rachaelmbade","167024520",1.1816883662944,1.63629187263014,-0.276087726601191
"337","rickklein","18172905",1.13538572664018,1.52478771966867,-0.394527790124514
"338","ariberman","15952856",-1.74606274223558,-0.287967880294773,1.12126285602334
"339","chriscuomo","22799750",1.18763586552459,3.65487902465439,-0.0826283955611151
"340","crampell","14348157",0.725589287233908,0.67870409985653,0.583519021097236
"341","damonlinker","475957325",0.819331754155571,-0.429494702856071,-1.48507084252144
"342","jdickerson","4119741",1.21327513589437,0.828884041712721,-0.573745601804978
"343","baseballcrank","38021361",1.48413782989438,0.376091700380365,-1.8499711998439
"344","electproject","808108063",-1.63683859133296,0.290402290697691,0.0489699512561367
"345","noahshachtman","15728161",0.854429040866444,0.329749030102991,1.01120873034403
"346","samanthajpower","818282957618216960",-0.323554158026548,0.89232885575138,0.755874470970294
"347","secupp","19268706",1.2104480843083,1.24901429246531,-1.08582443176136
"348","amandacarpenter","14844867",1.3327620299011,1.48430280897697,-0.617384752270581
"349","jamesfallows","24789175",-0.42503620615787,0.151018716132224,0.966478725983047
"350","jelani9","14155907",-1.42111018327126,-0.292546938834051,1.91577412113611
"351","mattgertz","55376380",1.15226715305052,-0.292109042122049,0.321108859544273
"352","michaelsteele","50317463",1.35086576510975,3.02700574915657,0.329490233713376
"353","mikegrunwald","52521572",-1.28752417420747,-0.0112773991362389,0.326892573712638
"354","mj_lee","139738464",0.970552308440319,1.22955846295651,-0.10407206353673
"355","morningmika","18227519",0.877475879545835,1.93702239258232,0.65766458116741
"356","parkermolloy","634734888",-1.67507985058081,-1.14390086126596,2.75587743473339
"357","rvawonk","2316383071",-1.62239039495702,0.729101724696847,3.61733593818669
"358","wajahatali","21733692",-1.15930474187356,0.365386347102257,3.0180092680485
"359","bariweiss","289548939",1.05054762155307,0.361089729815043,-1.70726302546679
"360","billmaher","19697415",-0.921356692020315,-0.84811682751665,-1.05713526372949
"361","danielsgoldman","435232010",0.780666868502027,2.68685880677468,2.44767602595646
"362","jamilsmith","46213956",-2.32432910909393,-0.370166327355428,1.37062761254853
"363","kasparov63","449588356",1.37650833577884,2.67000095295279,-0.542415298445376
"364","kwelkernbc","297532865",1.10652384838813,1.7886152815009,-0.388727391792665
"365","peggynoonannyc","35474809",1.24274511770581,0.763314623924055,-1.70906878867929
"366","allahpundit","19173787",1.5387845743955,0.398819342750539,-1.9707991137025
"367","andersoncooper","15224867",0.893810429606355,2.73611219431334,0.0093099080181277
"368","anneapplebaum","297100174",0.487093985337158,1.21490690390438,0.588447917966791
"369","bretbaier","18646108",1.25178956192458,2.71084681492264,-1.52488015996783
"370","djrothkopf","402888514",0.701221610483284,1.47774054332978,1.58296223865965
"371","elise_jordan","102251724",0.977830033011427,0.983915140505714,0.546623849309353
"372","ewerickson","640893",1.8181139100746,1.26643574354075,-2.15999978894181
"373","gstephanopoulos","17074440",1.14853824722888,2.00155624034646,-0.193818045715995
"374","hardballchris","48802204",0.706090837473363,1.8133402944829,0.358182897950854
"375","jeffreytoobin","522282462",-1.29037778599394,0.800570596891007,1.16676825326119
"376","ronaldklain","248884036",-1.46457421808122,0.94350195741016,1.20748570649725
"377","brianklaas","39279821",-0.83021018370412,0.991066910414471,1.89456923513416
"378","brithume","112047805",1.5306843821837,1.53918756987511,-2.69439063958032
"379","elianayjohnson","757893380",1.26566940095102,1.15208662099017,-1.37669289947328
"380","harrylitman","817787882395955200",-1.3632036235626,2.64285599101596,1.93391320080753
"381","isikoff","334079075",0.891436150475168,1.63303025936406,0.507798342485394
"382","perrybaconjr","20815668",0.590010876802328,-0.615897376331822,0.822675603628187
"383","reedgalen","1120698997327294464",0.702934903804304,0.715799158753716,0.254284217801633
"384","shearm","14552725",1.01778948563176,1.60146294537744,-0.0668567361395847
"385","svdate","807975026",1.26548626304781,1.37982421610166,0.260918586596238
"386","taniel","15537302",-2.24379452415569,-1.23253140001538,0.128231903125825
"387","amy_siskind","15976705",-0.512340420924561,1.40879667276406,2.02895621704533
"388","dkthomp","37723353",0.282272975234439,-0.409538976370163,0.174526591661957
"389","dleonhardt","168295477",0.927748752007256,0.212120515772429,0.11049331675029
"390","drvox","22737278",0.228559167202923,-0.804896547110164,0.975247887694834
"391","eugene_robinson","59031230",0.642791839383123,1.50367039197627,0.752936811989916
"392","fareedzakaria","41814169",0.945078340571063,0.911201815111372,0.45024451416405
"393","geoffreyvs","82673602",0.916720972421831,0.347293732706989,-0.42237236921901
"394","jonallendc","43409523",1.1255561459263,1.44028919055093,-0.0373275440105009
"395","joshscampbell","701750402786717696",-0.0823483661946026,1.11981722254987,1.57682886583861
"396","michelleinbklyn","212657985",0.753324402610844,-0.091937416993508,1.3307616942719
"397","numbersmuncher","813311743",1.57254563824621,0.560027978102189,-1.72716559165936
"398","rachelbitecofer","764187379",-0.561400361255836,0.346252519244131,1.22780438326735
"399","sarahlongwell25","787392577",1.16313903103395,1.22748756375734,-0.425904096133227
"400","sethamandel","150281740",1.47263799667214,0.571353044499408,-2.32442789478785
"401","wolfblitzer","71294756",1.08295497057779,2.80599887327779,-0.147097455763066
"402","aedwardslevy","23908154",0.496139084013915,0.0333140487977248,0.0119890566295958
"403","alecmacgillis","436925910",0.87688320481563,-0.397692162491857,0.219905815981479
"404","carolleonnig","108710418",1.03491838952616,2.35441626943536,0.735155993290726
"405","charlesppierce","121489431",0.61258497348839,0.0886265225728641,1.76090589945771
"406","clairecmc","16160352",-1.3556871873549,1.30216218825329,0.663627278818278
"407","davidmdrucker","104299137",1.28845724153426,1.80743196717922,-1.02319236822665
"408","howardfineman","14962779",0.928436427713566,1.15861593074768,0.510897736837806
"409","lpdonovan","48012011",1.33147746175463,0.043542510953344,-1.20441696812191
"410","madrid_mike","450341380",1.20751358362464,1.24067900565971,-0.149612128219924
"411","markos","24431892",-0.912864455668814,0.00348069255593767,0.693411171275015
"412","brikeilarcnn","46817943",1.18202284963265,1.63863656474973,-0.354207648205507
"413","donnabrazile","60919240",-0.326062104651891,1.46934245782981,0.425496292826874
"414","jamescarville","4211625232",-1.09828591922774,1.34816329820669,0.147377101433307
"415","joelockhart","101816065",-1.03045555342291,1.66057025848377,1.5566231327512
"416","juliehdavis","237477771",1.24483244476087,1.56427549309104,0.0484730639478664
"417","justinwolfers","327577091",-1.30620627593387,-0.155415895384344,0.0786020930361398
"418","ksoltisanderson","12889162",1.36852014925518,0.360920409764809,-1.20639330492834
"419","maryltrump","1045110787",-2.42444332040947,1.32669398721383,2.45215978034068
"420","morningmoneyben","135575282",0.883772921777881,0.997304848962929,-0.359572809896854
"421","normative","8548612",0.466552388889726,-0.480821104913027,-0.112723426279185
"422","rickhasen","47034524",-0.608017838379656,0.347730082963772,0.176778546160025
"423","sam_vinograd","1512021254",0.841788750819755,2.47966899112928,2.05736732366214
"424","tamarakeithnpr","15483390",1.10082358628125,1.16216588699755,-0.118055011554374
"425","tpcarney","16068266",1.40643010808806,0.241676915697776,-1.70644980861837
"426","tuckercarlson","22703645",1.66376357768409,1.29618705179549,-3.07867039157152
"427","yascha_mounk","301863076",-0.539502493653782,0.200518596909872,-0.0715942258601303
"428","anamariecox","11640472",0.95278724232631,-0.403320544883738,0.925290532759631
"429","bakari_sellers","241201438",0.0991909158793592,0.615656765462485,1.49048704854161
"430","cherijacobus","467726691",1.10785322286056,1.37663093659001,0.758828231304038
"431","clarajeffery","43412697",-0.531907248978729,-0.00313313332863418,1.35599929317226
"432","donlemon","16051471",0.867450787053941,1.47293398363663,0.878036810929122
"433","gdebenedetti","230450027",0.396124902921901,0.445527118403225,-0.0361869476659842
"434","jaynordlinger","3075845932",1.70031588062541,1.0157684013109,-1.77639988801814
"435","john_sipher","884578187392544769",-0.591495791963344,1.47695843032913,1.36590649761179
"436","jwpetersnyt","163598915",1.3520274753695,1.62942781953562,-1.01290450029394
"437","jysexton","325385270",-1.77135868112154,-0.000502564419247035,2.67855499174575
"438","kt_so_it_goes","386001751",1.28720081856659,-0.230453191700379,-0.452734519400815
"439","michaelbd","9840002",1.23168760266737,-0.769316454609397,-2.23742437332097
"440","mollymckew","2382106993",0.696979870479092,1.81168672324395,1.5369546981064
"441","nedprice","113064158",0.894929082292359,1.91941854757133,1.2914353152216
"442","richardhaass","195826487",1.02597759370545,2.12177556950191,0.50016037316022
"443","scaramucci","24578794",1.02164255694387,3.08776689762927,0.20174964181851
"444","tarasetmayer","1591400760",1.36307639292733,3.04595234111635,-0.0889780529593325
"445","thegarance","7848802",1.04875404939728,0.14559584488624,0.251339392550525
"446","therealhoarse","784575415457308672",-2.02011602870645,1.04563041857624,3.18923935323868
"447","adamdavidson","15639774",-0.631390813929096,0.0958092918073226,1.23125188433193
"448","baseballot","432122791",0.960163193129112,0.130230703785683,-0.608445770359713
"449","byronyork","47739450",1.31674773534833,1.80714857702943,-1.97850455976377
"450","chrisgeidner","22891564",-0.197118543221452,-0.45933939648477,1.13619557317701
"451","ericboehlert","34643610",-1.57966718205323,-0.0179837304606139,1.71084500524663
"452","ericgarland","16912124",-1.81871431171634,2.74541839948261,2.57993888739546
"453","jasonkander","20744708",-1.27987661783731,0.44940610943551,1.78852810512594
"454","jimgeraghty","15335534",1.69755971886843,0.771458382864766,-2.26503853862303
"455","jmilescoleman","92985745",0.0207759118722507,0.264957391489272,-0.516558479429413
"456","katiephang","1286161147",1.32200830905481,5.89139374739899,2.63035716135911
"457","margarettalev","58869089",1.05209397357825,1.44530832669301,-0.0707327462548087
"458","micahcohen","137512415",0.703397821537542,0.117250858151764,-0.171299189696223
"459","mzhemingway","18005085",1.51782190254178,0.629073706672349,-3.54096876376371
"460","peter_wehner","577432615",1.22719964800915,2.21504841772017,-0.607317577509727
"461","peterbeinart","114870265",0.824599499956982,0.144021830269142,0.136662110234318
"462","rgoodlaw","1171109054",-0.324166517191362,1.85999993581113,2.74523335366668
"463","stupolitics","250784170",1.29469440483312,0.973154913472523,-0.475350855707379
"464","tomfriedman","59157393",-2.03251442482452,2.53048970023573,0.761720670144929
"465","ajentleson","17466132",0.754073384102623,0.074825810210978,0.727628451392219
"466","bradmossesq","373522445",0.718388372350346,1.7311151480518,1.1699058959892
"467","deray","29417304",-1.93402553693799,-0.603734639073325,1.60589327518361
"468","eliehonig","248429222",0.870520002330872,3.07738141769206,2.66935620398498
"469","guypbenson","16193222",1.71264033210622,1.23625554821945,-2.46442825657244
"470","jmeacham","286339472",0.682829465938266,1.61247375525863,0.473593066312334
"471","katherinemiller","15741036",1.31110050811756,-0.15837143862982,-0.850172560546132
"472","margbrennan","50011708",0.98623958802361,1.89292751705199,-0.0336672739440693
"473","politicalwire","16250929",0.647907054009097,0.922087793744605,-0.0151966638217896
"474","politico_steve","21800063",0.788951671284895,0.899218171274105,-0.472525204321283
"475","scottgottliebmd","40156330",1.15202996489271,1.31958483429187,-0.946899089782232
"476","seanhannity","41634520",1.57919182913911,2.74530790447209,-2.43882632391115
"477","windsormann","77413975",1.13359553439106,1.54091585114166,0.436895039669128
"478","zerlinamaxwell","21879831",0.398953195672546,0.477901361223887,1.77582460151181
"479","20committee","635608354",1.466028047387,2.51445236461244,0.18472216377923
"480","charliecookdc","2657143946",0.706630143482599,1.01587748983218,-0.389431663860129
"481","databyler","2790869677",0.910395268150164,0.217112712877625,-0.755395743367141
"482","david_gergen","243291022",1.02704238382641,1.99527547303568,0.459041227653262
"483","esotericcd","161163311",1.51059292384003,0.103154142347697,-1.65422737272471
"484","ichotiner","571297251",-0.75601505814851,-0.426269786190621,0.398620044025245
"485","jimswiftdc","15146659",1.30727084325294,0.712589573895365,-0.664210633115486
"486","joanwalsh","1106501",-1.45583456824157,0.267218178579862,2.00998273299251
"487","joshgerstein","64916983",0.962056926707769,1.55547863073761,-0.0876634794050047
"488","juliettekayyem","21461359",-0.98013868888214,1.25527551015295,1.9253354365417
"489","kdrum","18276341",0.222718452478147,-0.758469391796502,0.329943613805632
"490","markhertling","4484115214",0.829313570995712,2.79287391963053,1.57118602345744
"491","megynkelly","110445334",1.23297612536441,1.62652629786329,-2.62475604112518
"492","milbank","19608273",0.954641346078447,1.45249787760145,0.015561472977137
"493","mjs_dc","88215673",-1.57929595838983,-0.804055352911486,0.948358008970585
"494","mlcalderone","63004503",-0.737110900783427,0.242348558487714,0.325319802486671
"495","patrickruffini","1050111",1.12189515018517,0.554548191458786,-1.2709200952136
"496","radleybalko","15816595",0.412793953136922,-0.668811829313323,0.216322661019757
"497","reihan","14275562",1.32477709600194,-0.118964522149668,-1.44881682733833
"498","scottlincicome","100250921",1.63597284268192,0.364660684196577,-1.58581461297037
"499","selectedwisdom","187289134",-0.838622021678665,2.3295594418105,1.93583886564911
"500","sifill_ldf","1507338108",-1.64383164400883,0.00773643358280827,1.98782408473256
"501","stengel","807357676300730368",0.0450598824914123,1.34423535431303,1.20873679532675
"502","sulliview","460470940",0.386553697596711,0.000598824665353096,0.893955346807828
"503","toluseo","168290603",1.2381491227563,1.66505434781916,0.20125675909233
"504","zeynep","65375759",-1.81599333154975,-0.850602644233476,0.625542820884433
"505","agearan","15765991",0.962630070247026,1.70739348887071,0.527011086240199
"506","anitakumar01","48581849",1.11980786494144,1.52363332882532,-0.294473912654393
"507","arifleischer","35218566",1.40057801771555,2.27214791111939,-2.41455898498896
"508","awprokop","139186916",0.907033309318197,-0.250631142707553,-0.271688666432295
"509","bdomenech","14989516",1.5594811430473,0.626334902792442,-3.13218499647894
"510","chsommers","334921581",1.52259596909192,0.321295268871168,-3.2071213061838
"511","cwarzel","20178419",1.13116204671039,-1.00559676231861,0.422363757668246
"512","davidpriess","2521546890",1.1899918497836,3.05433903673626,1.5721562073823
"513","dylanmatt","15950086",NA,-1.34651153189365,0.24955785198037
"514","hughhewitt","15075999",1.35349045784211,2.06159447796104,-1.40017862325326
"515","imillhiser","26165922",0.0969706560241478,-0.26112638602255,1.12688129706377
"516","jvlast","611816381",1.5333051841363,0.705564860843949,-1.53808606042906
"517","keithboykin","21728303",-1.79281636876445,-0.31051098010942,1.99094509716955
"518","kimstrassel","384910109",1.65017256241727,1.94152879229237,-3.25822568728841
"519","mattgrossmann","2366113867",-1.89136267459505,-0.0689930636704591,-0.311009153030834
"520","maureendowd","59145948",0.91719519603647,1.78935811274892,-0.0759852253731824
"521","michaelcohen212","52136185",0.876597125444502,4.71190982539065,0.333097612991262
"522","milestaylorusa","2974742145",1.18138162382904,2.38950923669188,0.657332783610281
"523","paulwaldman1","48797538",-1.59530589098078,-0.424495226465612,1.01793650225113
"524","ralstonreports","14413466",1.05894879009477,0.733717649511844,-0.611168168777271
"525","rtraister","19086859",-2.04283859244654,-1.12355841498222,1.31924335490499
"526","samwangphd","367873443",-1.13043746818121,0.195522340174475,1.54493739957683
"527","steve_vladeck","380268462",0.268643899359397,0.983616669573042,1.36013134472164
"528","thereval","42389136",-1.12659565284009,0.584478327114835,1.35443886809296
"529","ingrahamangle","50769180",1.3280046145135,2.77377127109355,-2.92011954160666
"530","dbongino","232901331",1.99823453059773,3.25485573231468,-5.06507337481269
"531","judgejeanine","29458079",1.39029143585852,4.47380003400008,-3.44365967454412
"532","dineshdsouza","91882544",1.61911286538069,2.16975394381257,-4.63507346453246
"533","jessebwatters","56561449",1.52424213763416,3.38064839951689,-4.07124825743687
"534","billoreilly","23970102",2.00996591789594,3.75372275488146,-3.01103727560147
"535","tomfitton","18266688",1.44530768352794,3.98569447068584,-4.90182222394518
"536","jackposobiec","592730371",2.31719140144706,1.80539290735064,-8.28115070455728
"537","kimguilfoyle","25101996",1.25312192667896,3.71407150400273,-4.08280722781076
"538","govmikehuckabee","15416505",1.57388405310946,2.92729939881906,-2.29643119418725
"539","loudobbs","26487169",1.79245499733414,5.58599573313524,-3.97184991008003
"540","saracarterdc","25202268",1.35485473622526,3.7384530666451,-3.96641677932489
"541","realcandaceo","878247600096509952",1.38976813339984,3.82880976111103,-8.09805511881144
"542","greggutfeld","28628850",1.57949331773948,1.80598955323983,-3.72964995343116
"543","seanmdav","36529101",1.95890657528769,1.34096400697726,-4.50118674947903
"544","dloesch","7702542",1.88026650643032,2.07102741113341,-4.27684663514001
"545","newtgingrich","20713061",1.3665219356536,2.41579230959076,-2.01568281030092
"546","sarahhuckabee","5509762",1.3961567221908,3.94607592504908,-2.44040218542049
"547","katiepavlich","48459553",1.51260157647386,2.13662560111173,-3.38162505030449
"548","tomilahren","468646961",1.76715182798818,3.69384185100052,-4.29634026933279
"549","bucksexton","334715818",1.62936349972018,1.01281211260807,-4.63455513560918
"550","mattwalshblog","1500129642",1.59408950171905,0.810091108043857,-4.95067234126209
"551","glennbeck","17454769",1.46645937335826,1.85940962665651,-3.53901505119347
"552","larryelder","195271137",1.82152851223796,2.51557382195979,-4.73267537544674
"553","rubinreport","18379614",1.34707171538826,0.969485729863105,-5.35811553725837
"554","bennyjohnson","15212187",1.40785676924441,1.37861732500289,-4.56977978697593
"555","brandonstraka","52338305",1.80069496414454,3.41335559243247,-6.34714069467143
"556","cernovich","358545917",1.92086752613534,1.54741448820226,-6.96585152673032
"557","greggjarrett","21536398",1.75241337642154,3.76137934653886,-3.41604400228053
"558","michellemalkin","15976697",1.41158391255454,3.21381840724292,-2.9664802742511
"559","mrandyngo","2835451658",1.88990536816086,0.731635809656048,-6.26791053472482
"560","w_terrence","47293791",1.91408164659112,4.03380850477171,-7.02699053818108
"561","anncoulter","196168350",1.38340692959427,0.074557029081187,-4.22354807489506
"562","michaeljknowles","31047836",1.69755739553869,0.956512472113747,-5.04663378090389
"563","scrowder","19091173",1.7538019218775,0.672204162300285,-4.71528539651343
"564","jsolomonreports","523248016",1.48986132065053,2.71866585052963,-3.95977128774144
"565","sebgorka","2417586104",1.43294441499978,2.66375084654842,-5.75642961290565
"566","joelpollak","10292132",1.31919953393691,1.57900613561255,-3.62161002737276
"567","liz_wheeler","264361128",1.53935062818158,1.22067140972356,-4.40755157193494
"568","diamondandsilk","2908170952",1.95905376473664,5.83259384838793,-3.71180394590598
"569","kassydillon","178999981",1.85396073789672,1.0564981073969,-4.81172443055127
"570","therightmelissa","762389795037294592",1.97084927666978,2.85773804771107,-4.84380143409067
"571","mercedesschlapp","42670638",1.48625244067637,3.32618175784253,-2.79326168388945
"572","redsteeze","393469195",1.38650835975706,0.462751380273544,-2.7498421261225
"573","andrewcmccarthy","130684893",1.84233182172004,1.78359642372936,-2.92808594862864
"574","jamesokeefeiii","16989178",1.73024406087821,2.78678397596227,-4.5961596367907
"575","kurtschlichter","18089606",2.03689507741039,1.68285676253821,-4.67647603122878
"576","mschlapp","138809881",1.56083332303939,2.99545093835436,-2.63120829031215
"577","conservmillen","704391334128394240",1.5615597710534,2.04067080954119,-3.91831266771516
"578","realsaavedra","812135885328236551",1.57564242079865,1.12442567579623,-4.37539260528736
"579","scottadamssays","2853461537",1.46655673731393,1.19154142609747,-4.35180243467324
"580","stillgray","16106584",1.91348497453864,0.328815840043529,-6.96833313397512
"581","mariabartiromo","208155240",1.4898762162761,3.57932068354719,-3.42861376884679
"582","prisonplanet","18643437",1.57403706094922,0.500561332091926,-6.66200497723502
"583","stclairashley","2874102076",1.87973709405898,1.61214777313728,-7.30269039801303
"584","timcast","27000730",1.19000784043828,-1.41470537888444,-6.58739136432736
"585","danaperino","27311044",1.33543496001859,1.92876696969086,-1.70581205323088
"586","davidharsanyi","15302774",1.49177159260734,1.23546738752159,-3.22888399405151
"587","ericbolling","14839147",1.42208728921928,3.6792627465467,-2.9645337990244
"588","gatewaypundit","19211550",1.51134637772956,2.49492039786928,-4.84510591624561
"589","chuckrossdc","119837703",1.27333548453818,0.556629359608991,-3.15088362959765
"590","comfortablysmug","17060573",1.36391496543953,0.523277901316319,-2.48682979555689
"591","geraldorivera","246500501",1.00897108695543,4.30229159552111,-1.6370772449592
"592","johncardillo","27995424",1.92331950084426,4.2893552240388,-6.60080979807864
"593","xan_desanctis","520497278",1.39581283161379,0.705141737077832,-2.29388555659501
"594","chanelrion","2438831503",1.91380170006502,3.63214554120013,-6.39348115819604
"595","emeraldrobinson","3932768472",1.46834288353448,2.01377975072998,-4.89606079799632
"596","heytammybruce","22956220",1.67809166908969,2.88494775647059,-4.01128503554286
"597","jasoninthehouse","17800215",1.48581660843134,3.14535418835273,-2.63949508591987
"598","jessekellydc","34082620",1.73946482329873,1.60103120736369,-5.27037686802211
"599","kylekashuv","862493306382626818",1.70728655279763,1.18026704026417,-3.93286204013105
"600","markdice","35039490",1.65625676451916,3.44880942444328,-6.53416966234061
"601","raheemkassam","125128723",1.58496909976786,1.76791259512086,-5.00642881368606
"602","willchamberlain","21722318",1.3725365672938,-0.15816297923158,-5.39189088054989
"603","actbrigitte","722528529716383744",2.11705809848536,2.31542069532175,-5.45282446555823
"604","andrewklavan","107210947",1.59928108387486,1.2360906658021,-3.86246138632394
"605","davidjharrisjr","3530404094",1.88738246198614,3.21532330535499,-5.67767599518845
"606","paulsperry_","739610364975808513",1.84825827512894,1.66657609513422,-3.93722296910668
"607","politicalelle","695054484083470336",1.4800598132292,0.897348765344153,-3.38252121779687
"608","robbystarbuck","16523905",1.83147454537949,1.41076730395877,-7.35429860926175
"609","calebjhull","239005322",1.42911604452847,1.14892342002579,-4.32688717086693
"610","jaysekulow","171632862",1.54105051505815,3.32119439878799,-2.19216487485396
"611","seanspicer","20776147",1.49361082451626,2.66588893342302,-2.68560782953649
"612","sidneypowell1","586707638",1.73866413827689,4.15108099044201,-5.01884794578126
"613","trish_regan","138182116",1.41329507604538,2.84613330381195,-3.84735048801752
"614","hodgetwins","18584875",1.83942322698577,2.93259374515044,-6.40491718072248
"615","ritapanahi","25235151",1.81068137686132,0.747566744291299,-5.19398275542459
"616","thelaurenchen","770619360062898176",1.29633711932208,-0.477747741552624,-4.7210460950437
