screen_name	user_id	politician	phi	phi_2
_wyattstorch	109782727	0	-1.4543026716673693	0.758428504614376
140elect	15259328	0	NA	NA
2nd_to_none	842217397	0	-1.4464290347654838	0.7615200225152418
3quarters2day	33079769	0	-1.144937259449947	0.8461598758949104
aacons	25770408	0	-1.4226146940947577	0.4659312617968016
aaronrobinow	632466068	0	-1.4165790554243303	0.7528607177212068
abc	28785486	0	0.7471364157282854	0.6104871342592455
abfalecbaldwin	288452305	0	1.0157905948547037	0.5775295101378959
aclu	13393052	0	1.1132957146896443	0.4437073464078156
actuallynph	90420314	0	0.9684947433698256	0.8265294954527747
adambaldwin	91279573	0	-1.1334553616776906	1.0764043662007194
adamgreenpress	325118816	0	0.9929259467287064	-0.13489542081392755
aei	30864583	0	-0.35052207950829595	0.047863847818614164
aflcio	10069612	0	0.9701650204688371	-0.31236932919904165
afphq	44209472	0	-1.060370176246023	0.3513855472720431
agcelotto	19916238	0	-1.46711666112824	0.7008077547228763
ahmalcolm	14465607	0	-0.8576772390613638	0.4250050374541703
ajam	1178700896	0	NA	NA
ajenglish	4970411	0	0.879992257650346	0.3643439948460005
alangrayson	41017380	0	0.9854536681980642	-0.2710607204036238
albertbrooks	263292498	0	0.9975219470660853	0.5380859476288123
alexwagner	54208274	0	0.9942536698927722	0.05568359142663813
alfranken	7334402	1	1.0953330927169824	0.26149968564644266
algore	17220934	0	1.0160378751733938	0.46721966447936836
allenwest	237403203	1	-1.3648553033403188	1.4014810244957143
allinwithchris	1286312880	0	1.0658103280109927	0.046987473681623676
alpipkin	25713562	0	-1.5517989864649941	0.9443031523892945
alternet	18851248	0	1.0197161559662433	-0.034097192183850156
amandacarpenter	14844867	0	0.10248068301875615	0.060435332481114934
ambassadorrice	19674502	0	0.8270463229178748	0.14359249710971153
ambjohnbolton	118756393	0	-0.5304560700994934	0.7594516393702117
amnesty	16153562	0	0.9574825341731494	0.35492167951913123
amorc11	15886750	0	-1.4414737670433746	0.6704735480694893
amprog	17171111	0	0.9913830613767473	-0.27748112185542684
amyklobuchar	33537967	1	1.0620535320072626	0.33059507639580915
amymek	954124423	0	-1.3827463385851864	1.038791335262729
anamariecox	11640472	0	1.0049034358600748	0.14201736285337413
andercrenshaw	20209807	1	-0.4308411016647359	-2.839070261973323
andersoncooper	15224867	0	0.9256335575179123	0.6816005081492992
andreatantaros	36452050	0	-1.247407368040968	1.2844749636839232
andrewbreitbart	18280993	0	-1.1333440001861261	0.7053655427037567
andrewluck23	23468661	0	-1.5517013340733257	0.605308748662579
andywendt	11102352	0	-1.3532894265343072	0.7821414638059627
annakendrick47	59949396	0	0.990281608447141	0.8302260059404696
anncoulter	196168350	0	-0.8313976445870128	1.2002780538368416
anncurry	20109973	0	0.8253788715258279	0.4814077283377302
anndromney	263758909	0	-0.8504816890543749	0.8044413323665776
annebayefsky	342894187	0	-1.0917864580144236	0.9430285796718388
ap	51241574	0	0.7862740322089048	0.6141678184025627
appsame	242618658	0	-1.3635931043141325	0.8485122186950148
april_mg	399179578	0	-1.5432807887035462	0.7760528058403174
arcticfox2016	101264587	0	NA	NA
ariannahuff	21982720	0	0.9400827921576592	0.4930873845267805
ariberman	15952856	0	1.0700319089023178	-0.19158496909076236
aridavidusa	40443752	0	-1.4091357103696907	0.7108711629617883
arifleischer	35218566	0	-0.5992667964161287	0.6084849556790405
arimelber	15441965	0	1.0664076775416749	0.16259389550599268
arlenwms	20009204	0	-1.3938426466569755	0.5354065413765519
askgeorge	7356562	0	0.6469905746242298	-1.5518612814282606
assholeofday	1377719425	0	1.0702019498258801	0.12028985875845365
aterkel	15727317	0	0.9167604999832116	-0.3170564009190431
athudd	15722673	0	-1.4697469360902327	0.6757964293322914
austinscottga08	234797704	1	-0.44296989263857584	-2.583661005426661
azizansari	6480682	0	1.0088966104467703	0.8027910567758364
bachusal06	78431501	0	-0.4324248903842459	-2.4213492228009885
bannerite	19088288	0	1.0645533006745433	-0.2789485747006717
barackobama	813286	1	1.002248143425375	0.7667517680628929
barbaraboxer	15939889	1	0.9952261205745531	-0.3633223225566708
barneyfranken	100638300	1	-1.3594796831249432	0.9643663843305573
barracudamama	73657657	0	NA	NA
bbcbreaking	5402612	0	0.8098895995430048	0.6515875514134439
bbcworld	742143	0	0.8332228639502649	0.6409466966696948
benhowe	64088396	0	-0.36265653671992437	0.2129573051050767
benjaminspector	15891841	0	1.0080101995651534	-0.2987779344144313
benjealous	43638469	0	1.0289330332114968	-0.19241292697449291
benshapiro	17995040	0	-0.9077549408854175	1.1992030016856232
bernardgoldberg	27382597	0	-1.218598262080008	0.9325388291989783
betseyross	33811812	0	-1.5281802412236576	0.616101451400779
bettemidler	139823781	0	1.0876966530794367	0.5805384489301908
biggovt	57428429	0	-1.2525919110543449	0.629947321077483
billcassidy	55677432	0	-0.41393058414919776	-0.8565795129716209
billclinton	1330457336	1	0.9950277836973338	0.8005061146930457
billclintonthof	942868836	0	-1.4508024260889603	0.8889351170674443
billgates	50393960	0	0.8106892966358676	0.7384027548519746
billhemmer	21010214	0	-1.1885964313389787	1.1370726821613233
billmaher	19697415	0	1.0191270337010996	0.6799957738683633
billmckibben	21786618	0	1.0644810759032273	0.1120962072575251
billmoyershq	15667291	0	1.0554214441392515	0.013253001781437937
billpostmus	379962842	0	-1.2866141720256092	0.869351595029165
billyhallowell	14282169	0	-1.0510069326308993	0.6514236068489491
billyraybryant	878916812	0	-1.5475737017089435	0.8337837197379478
blackrepublican	18294521	0	-0.950794469182078	0.5174073913943562
bloggingcaesar	41280377	0	-1.436132079059623	0.810019227093409
bluedupage	41186732	0	1.0224833710219432	-0.42667773305420176
bluegrasspundit	21044127	0	-1.3174629589872224	0.562822942433948
bluenredstate	552355237	0	1.060661753203634	-0.3398751334008832
bluewaterdays	24645354	0	-1.4007073724328503	0.8088405656721471
boarhead1	543373179	0	-1.4789158269783373	0.6489251284888633
bobbyjindal	17078632	0	-0.9160680708590121	0.6013095330381265
bobg231	264268489	0	-1.4221838469302406	0.8857337733026113
boblatta	15394954	0	-0.45363566312854686	-2.1006823806330255
boldprogressive	25704351	0	1.0547666494438854	-0.17821899059356833
booyahboyz	361859989	0	-1.521459737052542	0.7684235435274843
borowitzreport	17293897	0	1.0496558696540954	0.36444576319736155
bosshoggusmc	22966253	0	-1.4142972722902196	0.7466471560072203
bradaschenck	15195679	0	0.9839983228785256	-0.2923715238960315
bradmd	24914494	0	-1.3687062043834877	0.4886426957330454
bradsherman	30216513	0	0.7608584001800373	-1.1936337124851395
bradthor	20748745	0	-1.0864585295962488	0.7996806899119144
braveconwarrior	329323059	0	NA	NA
bravelad	16703058	0	-1.1976922219486221	0.9043461686829014
breakingnews	6017542	0	0.5835189280940399	0.6442331428858119
breitbartnews	457984599	0	-1.0907502918243268	1.2528667435615117
bretbaier	18646108	0	-0.9474809741187614	1.104428255930765
brithume	112047805	0	-1.0440591128403782	1.14410367487391
brookingsinst	151106990	0	0.7943030538221268	0.022419307788741235
brucebraley	29293808	1	0.5965619281357191	-0.6500276816560432
buzzfeed	5695632	0	0.9093458299477444	0.6159222696752821
bwilliams	173999134	0	0.8451976655863158	0.330485333950511
byronyork	47739450	0	-1.1023362793850322	0.8510286794878958
cafalk	49388157	0	1.0217358899761415	-0.4621935868844393
callisto1947	208083510	0	NA	NA
callout4	990627116	0	NA	NA
camanpour	69181624	0	0.9227913008962909	0.3245003977183325
candicelanier	107633302	0	-1.3427578159558256	0.6241786643505131
candicemiller	15281676	1	-0.30924537455905193	-2.3332089888223613
candilissa	2987787144	0	-0.7067558141177626	0.3597667554347161
cantwellpress	3143431748	1	NA	NA
capaction	15554922	0	1.0203302984736171	-0.31920860886416313
capehartj	97474887	0	1.0230901863765458	-0.008102729487931054
captivatingnews	292374563	0	0.9403548893092057	-0.3473993687523042
captyonah	376388082	0	-1.4946331997309927	0.8294307573374977
carltoddhand	42304448	0	NA	NA
carrieffisher	75641903	0	0.9502506723126847	0.7196749569759863
carrollstandard	21343653	0	-1.3801717601984227	0.8408148303621245
cathymcmorris	17976923	1	-0.47189829923638077	-1.0968105547405693
catoinstitute	15450996	0	-0.5498459461005828	0.3807748830723807
catwahler	88494677	0	-1.502758216253665	0.846949484726592
cbrangel	21312077	1	0.7589150680546172	-1.2243779614935073
cbsnews	15012486	0	0.72092872784695206	0.5562141353628016
cecilerichards	17011177	0	1.0919197666311424	0.0679891704416907
chakafattah	48086014	0	0.7451116115487332	-1.3368758745889597
change	15947602	0	0.8963629177469885	0.4398984991315578
charlesmblow	20772763	0	1.1019411359313769	0.1879821365580681
charlesmunn1	379869831	0	0.8848503491846905	-0.15285162203137323
charliedaniels	23798694	0	-1.2977527930950077	1.1554825962316042
chasd3	42834939	0	-1.517143927840308	0.6902542442884363
chelliepingree	14984637	1	0.8726239199061622	-1.0677618538603972
chelseaclinton	757303975	0	1.0638677410765067	0.607905503916289
cher	124003770	0	1.0210094284404845	0.6183990633254668
chris_1791	312149882	0	-1.355221151496904	0.8604185650380795
chriscoons	15324851	1	0.8072895017356352	-1.0258756909387179
chriscuomo	22799750	0	0.9701213570755484	0.4709500337454401
chrisjzullo	321774180	0	1.0733866694657717	-0.12225394267907168
chrislhayes	4207961	0	1.0666355403950323	0.4136114791554561
chrisloesch	491461409	0	-1.391252598675481	0.993183209219683
chrismurphyct	150078976	1	1.0693182378779724	-0.04309814661959607
chrisrock	238319766	0	0.9499318387894833	0.7439075814341745
christichat	732980827	0	NA	NA
chrisvanhollen	18137749	1	0.8801651343399072	-1.0373520662556148
chuckgrassley	10615232	1	-0.6084369552117213	0.3618000169868361
chucknellis	315878798	0	NA	NA
chucktodd	50325797	0	0.8570787938462602	0.3309634069591701
chuckwoolery	462104542	0	-1.3609684361854186	1.2738174083929295
citizensrock	271030180	0	1.0579406136253504	-0.4211284459532819
clairecmc	16160352	1	0.9913172740991426	-0.14831933666119418
clintonfdn	75069067	0	1.0086148696233308	0.41290482205337936
clintonglobal	68999404	0	0.9712663020563902	0.31427101406421465
clyburn	188019606	1	0.9261888498857149	-0.7139766102456622
cnbc	20402945	0	0.6022133292692298	0.5076771255011734
cnn	759251	0	0.8717586865454292	0.733756862320729
cnnbrk	428333	0	0.8312708703146972	0.7310685507619703
cnnmoney	16184358	0	0.6283535698850747	0.5140802709038644
collchris	20414217	0	0.6727546747053366	0.3695148314402128
collegedems	19824430	0	0.9420951545118383	-0.4332477219151853
colorofchange	27793335	0	1.1304642150198791	0.16038344291993134
conanobrien	115485051	0	0.8903549429649381	0.7935915404772818
concreteczar	260920107	0	-1.4878033004470184	0.8805276005096968
congbillposey	25086658	1	-0.47291323976225197	-2.198330573393616
congculberson	24183358	1	NA	NA
conghuelskamp	233761277	1	-0.886463691082856	-1.4384908173958404
congpalazzo	299883942	1	-0.48437109367468373	-2.5190174007348385
congressmandan	242761889	1	-0.804392124305822	-1.2308349220148007
congressmangt	18967498	1	-0.26568859470643064	-2.5028936795671424
conservalidity	19850687	0	NA	NA
conservative_vw	346924655	0	-1.5470671447205073	0.9567598654573937
cornelwest	36743910	0	1.0522683659524494	0.3812569067503837
corybooker	15808765	1	1.065624486858972	0.5349320774132491
countdownko	242911974	0	1.0874250244358523	0.25500917482668284
creepingsharia	15650882	0	-1.4439796105129155	0.7640587213015764
crooksandliars	14513611	0	1.0309470101084877	-0.16970750065978293
crowleycnn	2995408587	0	NA	NA
cspan	15675138	0	0.5564497136823454	0.13590704155144434
cubfanbeerguy	892111028	0	NA	NA
cynthialummis	22831059	1	-0.5738240055215841	-2.2261116165961266
daggy1	24305174	0	NA	NA
dailycaller	39308549	0	-1.0330739614476878	0.9230725235315731
dailykos	20818801	0	1.016326481495989	0.013843719283364619
dalailama	20609518	0	0.9613707302031989	0.6946655001051458
danaperino	27311044	0	-1.0131755150092288	1.1358979847928885
danarohrabacher	19139963	1	-0.5639745732249962	-0.864439534613778
danjoseph78	17971747	0	-1.1422943872615838	0.6738026183512202
darkmission1	469371578	0	1.0369184060233483	-0.33002824877734743
darrellissa	22509548	1	-1.0546698299381385	0.6494633575064804
davereichert	16102244	0	NA	NA
daveweigel	13524182	0	0.8987521130933877	0.026443824038824774
davidaxelrod	244655353	0	0.9913092505619124	0.29934960059272475
davidcorndc	15220768	0	1.0512992646885124	0.1502769274994684
davidgregory	20608910	0	0.7164049516655892	0.2480433291913945
davidlimbaugh	179245596	0	-1.4060475498623177	1.1229560166676125
davidshuster	20480549	0	0.7994732616308521	-0.142014351445255
davidvitter	19028248	1	-0.5226400539452265	-1.1322965104865867
davidwebbshow	24295482	0	-1.4308855671636733	1.0761166366254706
dawnriseth	570911869	0	-1.5215602559851544	0.7692124641331163
daxtonbrown	288283415	0	-1.4901394828722336	0.6440269921625136
dbargen	23195603	0	-1.4860575974324075	0.8701993769089568
dccc	14676022	0	0.9591211636643981	-0.08014142511811759
deanstjames	464780665	0	NA	NA
demgovs	38477209	0	0.8933171229001291	-0.34654908522329336
democracynow	16935292	0	1.0464301703707461	0.19431272051588064
deniseromano	43626022	0	NA	NA
dennisdmz	113758100	0	-1.1273557160302576	1.261290173151526
derricktodd	21032998	0	-1.313382389912344	0.5372649646872317
desjarlaistn04	235312723	1	-0.6986779031660515	-2.058706424177688
diana236	23039411	0	-1.5476605840159856	0.8089443041243362
dickmorristweet	49140008	0	-1.2321879920936274	1.0106288181299534
dineshdsouza	91882544	0	-1.3068326166745512	1.4236858706742828
dloesch	7702542	0	-1.2241982806265943	1.2623636285698783
dmashak	10207502	0	-1.3248190006151555	0.7476211756973279
donna_west	18220818	0	1.072479419681991	-0.3449375203287674
donnabrazile	60919240	0	0.9541419953068965	0.19253136124674836
dorismatsui	38254095	0	0.722034970874089	-1.477779539465977
dougdauntless	97963881	0	-1.1598366961453166	0.7272348748954108
drdigipol	6092972	0	0.862671131904703	-0.24878087975535787
drmartyfox	26900055	0	-1.394619357786914	0.9304088035246979
drphilroe	52503751	0	-0.4814459379897209	-2.0689031612122113
drudge	247723476	0	-0.8474078510388118	0.9229051334920669
drudge_report	14669951	0	-0.6984120338329964	0.9211885580846292
dscc	14466538	0	0.905468749537341	-0.34774355496908693
dwstweets	115979444	1	0.8433787983159885	-0.10725176051646892
dylanratigan	48847011	0	0.7967196420093057	0.03121048512808235
eagle_vision	73774016	0	NA	NA
ebertchicago	79797834	0	1.000177916637355	0.5770118493469086
econjared	297067961	0	0.8756518407435652	-0.3488451506304932
edincali	27503607	0	-1.508001441401261	0.7327276421698744
edistomoore	94857536	0	-1.4914810838886472	0.5968244730321955
edshow	75052666	0	0.9790999054962247	0.13231676391589128
edwrather	27671624	0	-1.5532810415609848	0.6529271579245663
ejdionne	453319164	0	1.001301722255926	-0.11520186911785599
eleanornorton	23600262	1	0.9718152200631449	-0.6527520160602144
elirubenstein	440688620	0	-0.6122981965730945	0.206663660051823
elizabethforma	357606935	1	1.1305394634012744	0.7936472597701246
ellenpage	255747911	0	1.1058786507059406	0.6925271934786402
elmonte08	48038030	0	1.0318860793618294	-0.3128984956709046
emfingersscout	70156027	0	-1.4601780054411078	0.959443659420198
emilyslist	63262233	0	1.0882946192470475	-0.00563919802598256
ericamey2	930784507	0	NA	NA
ericarn4usa	20347310	0	-1.4667256202874674	0.7106177475713132
ericboehlert	34643610	0	1.0460110868688002	-0.1972636771974137
ericbolling	14839147	0	-1.2464492648156955	1.3061312764577535
ericcantor	18891923	1	-0.6561934678364528	0.3230162816478996
eugene_robinson	59031230	0	1.0248784569939986	0.03697571634815986
evalongoria	110827653	0	0.8370063464003761	0.699540537756633
everytown	250386727	0	1.10549964470852	0.16003204715635827
evilconservativ	25029390	0	-1.470620812790163	0.6205991084542358
ewdolan	29309901	0	0.926125295705007	-0.0552783896935168
ewerickson	640893	0	-0.7923224433703263	0.4732680029918881
exposeliberals	21707592	0	NA	NA
ezraklein	18622869	0	0.9981729588771886	0.2822648496543229
f396	110863694	0	-1.4249052720640236	0.5270666601766553
fakedansavage	313091751	0	1.137578712074658	0.4226776132706466
famousquotenet	14367719	0	NA	NA
fareedzakaria	41814169	0	0.9326142944698114	0.27055416391238885
farenthold	17896154	0	-0.6215852174177624	-1.0177937122482392
fbnstossel	158769098	0	-1.1330533653319934	1.1028313661451692
feministing	30000912	0	1.1149628665745421	0.28706179928207637
ffrnewsnet1	428081159	0	NA	NA
fiestabuckeye	169629177	0	-1.5238184364511569	0.5924646633904016
financialtimes	4898091	0	0.5940137826001356	0.507357287426405
fingersflying	50836292	0	NA	NA
finigoodman	212670233	0	-1.214664779421599	0.5471896699279375
finneyk	45671898	0	0.9678378051343783	-0.15149932453232706
fishwithdan	80601437	0	-1.0460979214346637	0.6850611864793529
fitzzer777	525630064	0	NA	NA
fladems	76027332	0	0.9221901481214101	-0.17915320579090768
flotus	1093090866	0	1.0373844133346843	0.7402230000269935
foramerica	190905427	0	-1.3194038212208756	0.8786265582776501
forbes	91478624	0	0.6258791715067022	0.668908947514818
forewit	311137675	0	-1.1980553567936587	0.6831510848240002
foxandfriends	15513604	0	-1.0187040371281044	1.19245199038925
foxbusiness	56413858	0	-0.911842365639777	0.9150634072010457
foxnation	37764422	0	-1.1518095676523648	1.0968402855973411
foxnews	1367531	0	-0.24486544205854102	0.998974792996853
foxnewsalert	31540671	0	-0.978641125976416	1.0636760940451315
foxnewspolitics	16032925	0	-0.7933360786684642	0.8523640681713325
franklautenberg	135297032	1	0.6429145449208002	-1.3781995180502193
frankpallone	31801993	1	0.7450868468944106	-1.5006731879337352
frankrichny	79366215	0	1.0644937978161386	0.11424138817057068
fredbarnes	15731751	0	-1.0856250407386425	0.42729774442893836
fredthompson	2704951	0	-1.1792722342160564	0.7722546579959992
freedomdisciple	823112684	0	-1.4115582474098967	0.8442059888179262
freedomworks	14730894	0	-1.2540234813321742	0.876334592711941
ft	18949452	0	0.6092500821281549	0.4964642983697838
ftr__radio	19114646	0	-1.3468590706772183	0.5984025467621991
funnyordie	15693493	0	0.899159493033088	0.8353636450757799
gabby_hoffman	104342107	0	-1.3395761336539809	0.5779169364717787
gabbygiffords	44177383	1	0.9877345835911704	0.027397599830913597
galtsgirl	74014041	0	-1.2566044409116526	0.5992001298693908
garysinise	128393253	0	-0.5535060186212378	0.998069855884736
gatesfoundation	17899109	0	0.9132553879628795	0.4256900883364767
gatewaypundit	19211550	0	-1.3516964508679326	0.9858173092231722
gavinnewsom	11347122	0	1.0484588440063087	0.38128362641026553
gawker	8936082	0	0.9304738394813814	0.5367564843875762
gaylandanderson	60699354	0	-0.8381276604639062	0.7046329952176114
gayleking	29546945	0	0.9172252710871482	0.605696292807001
gaypatriot	18244206	0	NA	NA
genemcvay	27789999	0	-1.441245318374996	0.8367873545620067
geoff9cow	21717987	0	1.046438243262898	-0.16697376170152983
georgehwbush	475988505	0	0.07690405033388423	0.4351281112763037
georgetakei	237845487	0	1.0960187844170046	0.5900508412356442
gerfingerpoken	96442308	0	NA	NA
gerryconnolly	78445977	1	0.878328294388165	-1.1149947038149073
ggreenwald	16076032	0	0.6321995715820803	0.3154663032336926
glaad	31583882	0	1.103003778568922	0.42438683994324977
glennbeck	17454769	0	-1.032284007832517	1.2219332727390093
gloriasteinem	48269483	0	1.1111369445516823	0.36091865646442844
goangelo	53130511	0	1.0453068479231993	-0.20534531007159548
goldietaylor	15862440	0	1.0564967745536107	-0.012652861249420664
good	19621110	0	1.018146746928649	0.5277435576075693
gop	11134252	0	-0.6043817192878853	0.9016377380808015
gopathetic	15280845	0	1.0503275854248713	-0.36095816696990696
gopblackchick	108807556	0	NA	NA
gopleader	19739126	1	-1.0780209426601373	0.9559955801539757
gopwhip	2693983838	1	-0.7832113658636172	-1.3254108053143836
gottalaff	15368940	0	1.0232019759471522	-0.28594915559967715
govchristie	90484508	0	-0.20078676789295502	0.5842600481172896
governorperry	18906561	0	-0.8815723700891613	0.7556876147671214
govmikehuckabee	15416505	0	-1.0899589377016756	1.1718481181054698
govwalker	213795411	0	-0.8720273775407722	0.5790299703652649
gr8_2b_alive	112562263	0	-1.4172251248082064	0.8363687299930661
gracenapolitano	161411080	0	0.7216643497177418	-1.752761585900229
grahamblog	14845376	1	-0.31451751410174583	-0.1914929938816779
greggharper	23712174	0	-0.4104189738605646	-2.26343487121817
greggutfeld	28628850	0	-1.260675341739743	1.379183993483729
gregorymeeks	22812754	0	0.7595250123599611	-1.5075134282246543
gretawire	2885573474	0	-1.3494597690199233	1.2216071673458853
gstephanopoulos	17074440	0	0.7711761899116899	0.4023248260065796
guardian	87818409	0	0.858304053411163	0.45399661415769066
guntrust	32258396	0	-1.0977973068878666	0.8255137311741061
gwenifill	164412502	0	0.9210665378344524	0.010339239592262649
hardball	205864193	0	1.0000231493875307	0.15792224671103994
hardball_chris	48802204	0	0.9573464331694229	0.2741262239145833
heidil_rn	332637055	0	NA	NA
herb_slojewski	615687834	0	-1.3937622134183765	0.7014110059321997
heritage	10168082	0	-0.990291440643832	0.8211376252963506
herrerabeutler	242926427	1	-0.10139737271283318	-1.617990417409383
heytammybruce	22956220	0	-1.4019272312968167	1.1684981968371964
hillaryclinton	1339835893	0	1.0163708301119456	0.779373270101294
hitrecordjoe	24807616	0	1.0026429170552467	0.8495549170209714
hodgman	14348594	0	1.078153430339871	0.5444316712207216
hollyrfisher	2996283182	0	NA	NA
holyfield67	379498878	0	-1.4561330350346853	0.7537871078052273
homunculusloikm	233933230	0	-1.1561749611850354	0.9886318358452101
housecracka	16190478	0	-1.4006479449515432	0.6186972076471087
housedemocrats	43963249	0	0.9452187216090467	0.28923727547770656
housegop	15207668	0	-0.48212856576112273	0.61762512968221694
housetransinf	2982232425	0	NA	NA
howardfineman	14962779	0	0.9393339332691673	-0.0695744529137888
hrc	19608297	0	1.093510519671078	0.38083344084991816
hrw	14700316	0	0.9446253207481163	0.3840649842167279
huffingtonpost	14511951	0	0.9127097089608568	0.6318096555532445
huffpostpol	15458694	0	0.8570406908459057	0.19265528804952467
hughhewitt	15075999	0	-0.8302463167602089	0.5399248788071754
iamjohnoliver	316389142	0	1.1013362802934377	0.6331227727124555
iamrashidajones	562381032	0	1.0651013555986788	0.7544947833639575
iepluribusunum	378933826	0	-1.3872748394558574	0.797816613039837
indyenigma	16672662	0	-1.2931141550053364	0.5777103829664252
ingrahamangle	50769180	0	-1.0117116704522389	1.2881021318118213
inlawsoutlaws	77329593	0	1.120181104200467	-0.18263032863331966
iowahawkblog	149913262	0	-0.9271913069316149	0.6320017032731088
iresistall	347057474	0	NA	NA
irritatedwoman	16710420	0	-1.4001160402824164	0.9622403803323567
isheeple1	906620078	0	-1.4280811349331621	0.699293516887954
istook	15551300	0	-1.3234860502232493	0.7442688303776
jackkingston	36654245	1	-0.4985235478515039	-1.7451719518903066
jacksonleetx18	80612021	1	0.87355989124972655	-0.9995907737843874
jacquie0415	351361539	0	-1.5005068555869756	0.7597289721605027
jahimes	31611298	0	0.9538711231994774	-0.6462324012946049
jamesokeefeiii	16989178	0	-1.3093197211889465	1.1857203457905947
jamesrosenfnc	48029066	0	-1.2002394110863388	0.9407421983689819
janefonda	18583722	0	1.0262764366758117	0.504455291157
janschakowsky	24195214	1	0.9089839741705631	-1.0839168242014896
jasoninthehouse	17800215	1	-1.1665993672402368	0.9689472822509408
jasonsegel	407977463	0	0.9947828687384848	0.8778965694561401
jdcorbinpm	115945502	0	NA	NA
jddickson	23205346	0	NA	NA
jeanniemcbride	3086155613	0	NA	NA
jedediahbila	60680268	0	-1.1664912524716726	1.044810352170971
jeffersonobama	39609732	0	0.9994435667112522	-0.41662396517806444
jeffflake	16056306	1	0.5618286278716788	-0.26991526153783113
jefffortenberry	18805303	1	-0.2814688283010197	-1.855196156304332
jengranholm	14185317	0	1.0104562681667881	-0.1950607931757879
jeremyscahill	23839835	0	0.9617261896557706	0.12978078548249192
jerrybrowngov	19418459	0	0.972673147358279	0.14117890798903956
jerrymoran	18632666	1	-0.11104567579592532	-1.8417283491895415
jessetyler	17350250	0	1.039345800636262	0.7733100223545797
jessicachasmar	89005882	0	-1.1107313007155957	0.7627985831282762
jhartellis	212097279	0	-1.486412102701519	0.6342329162531948
jilevin	24733117	0	0.9577351003520983	0.06224804340431321
jim_jordan	18166778	1	-1.2392687386120893	1.2461978362817305
jim_moran	47412499	1	0.5781772274966452	-1.59431011026739
jimdemint	9508922	1	-1.1630389452311267	0.5679080870761949
jimlangevin	18909919	1	0.747224971504073	-1.3966341191635496
jimmyfallon	15485441	0	0.8379716721725258	0.8513927382097819
jjauthor	177584156	0	-1.3797121714400813	0.9730714364332801
jmattbarber	22770745	0	-1.4056252334790496	0.6606915241423365
jn3_16_21	22540858	0	-1.3628249930690985	0.6067569153714422
joanwalsh	1106501	0	1.0276441001258971	-0.03924382688528536
joaquincastrotx	231510077	1	1.0194003043300046	-0.2046449574773682
joebiden	939091	1	1.0701441876655662	0.7817506286910385
joethepatriotic	140640762	0	-1.5178555668063847	0.5393973192441665
john_dingell	2982226132	1	NA	NA
johnboehner	5357812	1	NA	NA
johnboozman	5558312	1	-0.2067208367032961	-1.944567409750813
johncarneyde	237770636	0	0.6458360405064623	-1.1972615742230037
johncleese	10810102	0	0.9497278206517302	0.6300661876514737
johncornyn	13218102	1	-0.6545398976005065	-0.04015128015708673
johnfromcranber	1065869268	0	-1.4256663930131015	0.9252846492429582
johnfugelsang	33276161	0	1.1117934246827788	0.18434169887036164
johnkerry	15007149	1	0.9397406567860416	0.44084147687255804
johnlegend	18228898	0	1.0517022771014322	0.6689240329257782
jonahnro	71627462	0	-0.46241440748622775	0.480719207840451
jonathanalter	21844854	0	0.9641356276739163	-0.1865500505467336
jonwexford	144350248	0	-0.8721171478287756	0.651465364270714
josephbrandon8	858921774	0	1.0211709832893183	-0.39850966521454984
joshtpm	21268897	0	0.9915774021159922	-0.06564365570029229
joyannreid	49698134	0	1.1127585813078054	0.4086365166440148
joyvbehar	32004130	0	0.9917167354029011	0.5875239222483237
jstines3	101395252	0	-1.452235468905572	1.0173760796837807
jtimberlake	26565946	0	0.8174927326445847	0.9242445974529595
juddapatow	88749392	0	1.0739498555926257	0.6800099638773316
judgecarter	18030431	1	-0.6487104922529563	-1.8642525092555768
judgenap	29216764	0	-1.1833685305201833	1.1419260442457009
judgetedpoe	74198348	1	-0.6306155088158186	-1.7777661774347755
judicialwatch	18247062	0	-0.5985894614380672	0.9880108783155831
juliancastro	19682187	0	1.0809442560737574	0.17616111423014452
just_a_texan	884304968	0	-1.5258097586906603	0.885046185500848
kanyewest	169686021	0	0.4297680718646402	0.9954766444625208
karlrove	18791763	0	-0.7537667691706733	0.7618912209942716
kathygriffin	21148293	0	1.0495707158856356	0.6268604868413957
katiecouric	18812301	0	0.8346280757739301	0.5264651025096765
katiepavlich	48459553	0	-1.2857504175258825	1.1996869991983614
katrinanation	59159771	0	0.9820888295760873	-0.09599889001260127
katyinindy	20958510	0	-1.311947039434429	0.7226264179792509
kchenoweth	31641658	0	0.9015440487987524	0.7856409546302109
kdrum	18276341	0	0.9655642220634612	-0.20701937392151035
keithboykin	21728303	0	1.081958906829728	-0.04636838110700071
keithellison	14135426	1	1.064411578949906	-0.023051368528302772
keitholbermann	130617778	0	1.057047484532048	0.3727424022915118
kellyayotte	229592356	1	-0.3118482134653943	-0.9694910760616452
kennettdems	959596692	0	0.9814684465464815	-0.40315363408456945
kenwahl1	97912404	0	-1.3858216524691882	0.8347762663867818
kerrywashington	205302299	0	1.030189141246339	0.6848693275131376
kesgardner	182251918	0	NA	NA
kevinspacey	27457788	0	0.8256420873683578	0.7692898498375728
kilmeade	43919633	0	-1.2962932065375048	1.257672777388613
kimguilfoyle	25101996	0	-1.2058764726423599	1.3437602467486731
kirstenpowers	14335880	0	-0.17235496851601018	0.522919835540093
klsouth	32497478	0	-1.4297876312251232	0.815034664949758
krauthammer	27744185	0	-1.0045515434583616	1.094670758873014
kristenschaaled	130922325	0	1.1204976145470416	0.6790996674769288
krystalball	21862217	0	0.8836777435276023	0.09589451991309265
kurtschlichter	18089606	0	-1.3694760458258137	0.9727280694646213
ladowd	379479080	0	-1.451433399806262	0.7052764067300443
ladygaga	14230524	0	0.9133920630607474	0.8086707313264735
lamarsmithtx21	15856366	1	-0.42858543176276315	-2.068059526026721
laprogressive	18554720	0	1.0128600622003392	-0.11960028561731952
larryelder	195271137	0	-1.3552480079181257	1.327040982751877
lastgreatstand	466090255	0	NA	NA
latimes	16664681	0	0.8391629343052105	0.4395248624379939
lawrence	158426909	0	1.0576080870893316	0.3472170446448746
leeterryne	18317325	1	-0.4108388154243918	-2.107672848041545
leftoutloud	329443994	0	1.0404544584981528	-0.3575131118856253
leftsideannie	71715641	0	NA	NA
lemarquand	294892027	0	-1.5317063711819676	0.8323278896300067
lenadunham	31080039	0	1.0702486619631464	0.755382175051699
leodicaprio	133880286	0	0.9028015256986133	0.8103617701245521
lessgovmorefun	547969112	0	-1.4540856721566022	0.9506123121478495
lexielewis888	502067536	0	-1.447573016252433	0.82726090527005
libertybritt	26344615	0	-0.9983463498882423	0.6183245578180301
libertyjuice	118401061	0	-1.3761357880598057	0.7164756167864689
libertyladyusa	212302405	0	-1.418926661359881	0.8071419847948149
libertysurfer	28918971	0	-1.3942644011933127	0.8506915625689544
lifenewshq	50434933	0	-1.3147481769413165	0.8044587839954028
limbaugh	22047070	0	-1.2600022950407506	1.196762883436433
lindasuhler	347627434	0	-1.3480430193509212	1.0950361407689542
linnyitssn	228554424	0	1.0483787315882227	-0.27643465958198843
lisamurkowski	18061669	1	0.5208874964535412	-0.6353832345020066
liz_cheney	98471035	0	-0.9570587844087481	0.5615174245090427
lizzwinstead	57917441	0	1.0974047218636394	0.12057593616369283
lolgop	11866582	0	1.0874562385969997	0.2537977957414321
lorettasanchez	108376246	1	0.7089602420040956	-1.3495182674138813
loudobbsnews	26487169	0	-1.2209111087078346	1.2656699312252053
louisck	2218092372	0	NA	NA
louiseslaughter	63169388	1	0.8400538583912088	-1.2285790349672248
lr3031	34434801	0	-1.3866199202660963	0.6736453258341636
lrihendry	129235890	0	-1.4486686082453324	1.179058089477605
lukerussert	21220931	0	0.7828486470837976	0.08684723091325809
mad_humor	1620539378	0	-1.072634114823557	0.7144514177913852
maddow	16129920	0	1.0660947381974555	0.6217234768509265
maddowblog	91180720	0	1.0927883445462727	0.309029721404505
madicino	19511717	0	-1.5232222453997213	0.6632987034790148
marble300	66265121	0	-1.6048708176718267	0.7661923969761449
marchaig	89277004	0	-1.4795990448318697	0.8158674408575644
marchilliker	143695063	0	-1.358385374955086	1.0629191819591104
marcorubio	15745368	1	-0.5032031580898308	1.0275986550204501
margaretcho	16305330	0	1.0851370647546803	0.5754420227954467
mariodb	37094727	0	-0.22025940268360747	-0.8378730656748177
markeymemo	3047090620	0	0.9045242819528179	0.6884649979624984
marklevinshow	38495835	0	-1.2674182175389144	1.3986220058531218
markos	24431892	0	1.0030924201969733	-0.08386364619987677
markrmatthews	16814727	0	-0.8593123756173269	0.4722100658485623
markruffalo	47285504	0	1.0609116580856073	0.6425920610492742
marksteynonline	270412323	0	-1.4347539196120782	1.1892011851248654
markudall	8128442	1	0.6291669302621701	-1.1629655088932038
markwarner	7429102	1	0.8719634552155555	-0.5755937129295516
marshablackburn	278145569	1	-1.1152177479291343	0.3850856267633095
marstu67	851711263	0	1.1004231942147356	-0.13086562751118402
marthamaccallum	46681100	0	-1.2242484792492727	1.2492624963715364
marthaplimpton	281390508	0	NA	NA
martinbashir	270013816	0	0.9874502223984083	-0.19503661195105945
mashable	972651	0	0.845039922016244	0.6689851099601284
mastadonarmy	127486569	0	-1.406470747396741	0.3122260428427381
mattbatzel	52944689	0	-1.3761332207372978	0.7600741686395934
mattyglesias	15446531	0	0.970497531471119	0.07776614309043951
mattyiceaz	221969181	0	1.0221922009760815	-0.1279262688477478
maxinewaters	36686040	1	1.1287770040165253	0.37298140372722977
maziehirono	92186819	1	1.044814269201466	-0.4006302712856939
mccaskilloffice	57065141	1	0.7620712590271187	-0.9766342577320098
mcconnellpress	339822881	1	-0.17864509448035085	-0.541291051150825
mch7576	754135908	0	1.0258309040647333	-0.3829668961425087
megynkelly	110445334	0	-0.46134051835899026	0.9948832305413773
melindagates	161801527	0	0.9404010480338123	0.45249421615187907
melissatweets	14728168	0	-1.221740305186102	0.4255102117251989
mercuryoneoc	343772856	0	-1.4477146522935478	0.8611184805943267
mericanrefugee	947843994	0	-1.40166001703251	0.7646777696773482
messina2012	356885109	0	0.8724326028889859	-0.27053735832345727
mharrisperry	18587457	0	1.0587010845284925	0.2089893868928387
mhpshow	475286355	0	1.0183239148547822	0.08055874093466886
miablove	343171266	1	-1.2201697209026143	0.9239612418802287
miafarrow	33235771	0	1.0488420438549355	0.24440690907259055
michaelcburgess	15751083	1	-0.5032226235050743	-1.8873064499930379
michaeledyson	55334133	0	1.0655924048256933	0.23327212031500835
michaelemlong	17527466	0	-1.1914015819209356	0.27881871961284843
michelebachmann	18217624	1	-1.0380799409962826	0.8919439355464588
michellemalkin	15976697	0	-1.1747471376218241	1.2399353098823722
michelleobama	409486555	0	1.1019693003793773	0.727862807870017
middleamericams	55370049	0	NA	NA
mikandynothem	492833134	0	-1.3179900450314663	0.9456060961307646
mike_beacham	829735580	0	-1.457566979027118	1.0241092952729274
mike_johanns	2982221968	0	NA	NA
mikebloomberg	16581604	0	0.8907838127354533	0.42787437496221314
mikecrapo	600463589	1	-0.1487186786685589	-1.893249100192353
miller51550	66951419	0	NA	NA
mindykaling	23544596	0	1.038463721021346	0.7565166855956919
mitchellreports	89820928	0	0.93677647981112655	0.24012976521637536
mittromney	50055701	0	0.010172225628185838	0.7080349902356284
mkhammer	4923811	0	-0.9015823811060714	0.7536429125694929
mmfa	13493302	0	0.9961880733175824	0.05465294013343306
mmflint	20479813	0	1.0747711287523536	0.5570221456015977
mmmoonie	196871565	0	NA	NA
momsdemand	1017637447	0	1.0999179124974194	0.08444718122091403
monicacrowley	166990746	0	-1.2821804923520739	1.2278360503680212
moonbattery1	254732884	0	-1.4925858074815936	0.8193555002690815
morningmika	18227519	0	0.9462241723965558	0.278793223073539
motherjones	18510860	0	1.046493035467762	0.2428049295847406
moveon	26657119	0	1.0748112594971675	0.09411534922690498
mrclean2012	17714851	0	-1.4527395806571384	0.5814364252442805
msnbc	2836421	0	0.9515479548506632	0.47855829347923334
mtaibbi	38271276	0	0.908116440996243	0.23616652738669552
mthorntoncpa	573972193	0	-1.3261462002697384	0.5309324472080101
mundyspeaks	110918004	0	NA	NA
nahbabynah	792660210	0	-1.4585773841705911	0.929477508918405
nancypelosi	15764644	1	1.0535166077318485	0.6989494587400086
nansen	14389132	0	-0.3741351953996663	0.34334673859194365
nasa	11348282	0	0.7535979713349823	0.7188003428387653
natesilver538	16017475	0	0.9547825681452362	0.40133732484176726
natgeo	17471979	0	0.8150751911375128	0.6766528789992217
natshupe	158060289	0	-1.4541420797011129	0.9112967145676069
naughtybeyotch	475811383	0	NA	NA
nbcnews	14173315	0	0.7913139505617346	0.5601577560824957
neiltyson	19725644	0	1.025662229515929	0.658771936008265
netanyahu	17061263	0	-0.8430247653625544	0.9114254040503805
newsbusters	45190383	0	-1.273596336621637	0.8522238272143725
newshour	14437914	0	0.9047078025414449	0.2232084970658784
newsweek	2884771	0	0.7699895303693385	0.43020101124117444
newtgingrich	20713061	0	-0.871846091158812	1.060952440912491
newyorker	14677919	0	0.9778498170514981	0.5502050339138148
nf3l	417388541	0	NA	NA
nicholsuprising	466519303	0	1.0387755013939206	-0.2517521268541853
nickegoroff	19515059	0	-1.3322887639813812	0.6388904700772619
nickkristof	17004618	0	0.9709766796912425	0.2739327796796871
nikiinthehouse	242892689	0	NA	NA
nikkihaley	37666984	0	-0.6733259671010485	0.677524842107596
ninaturner	188793260	0	1.0594931448077616	0.09076802092644537
nitalowey	221792092	0	0.78927900013095	-1.273687551086295
noh8campaign	32774989	0	1.0788753038317564	0.4315161599561019
noltenc	16163639	0	-1.334750250339954	0.9139150026617593
norahodonnell	21111896	0	0.7302316799010234	0.05788888655407067
norsu2	149315713	0	-1.4144307514510215	0.624807989721667
nowwithalex	409456907	0	0.9592679566568144	-0.021684239518500535
npr	5392522	0	0.9665008940405073	0.5725998908290976
nprnews	3386439610	0	1.0101205481400548	0.15953914372420935
nprpolitics	5741722	0	0.9222016030367512	0.33309847970469253
nra	21829541	0	-1.0411024813603968	1.018235725958747
nro	19417492	0	-0.667866129620762	0.5584600893388723
nrocorner	46002396	0	-1.0882690615949902	0.5313437769644482
nydiavelazquez	164369297	1	0.9893336297734963	-0.7144379659289442
nytimes	807095	0	0.9183698160584862	0.6891829040274482
nytimeskrugman	17006157	0	1.0231624964346562	0.29744733621630426
obama_clock	316126656	0	-1.4251329161005142	0.6861252616000214
obama_czar	79258361	0	-1.4341688249875977	0.6072006639941405
obama_games	59461030	0	NA	NA
occupycorruptdc	417451460	0	-1.4866316685445642	0.7551336043912004
occupywallst	335369838	0	1.0147770795167612	0.2142427971109393
occupywallstnyc	335972576	0	1.0146232643841064	0.18031568583128046
ofa	15667802	0	1.0455412326949642	0.21005415543606182
ofatruthteam	340333435	0	0.9465823093993474	0.21150597883631803
officialadele	184910040	0	0.855146397885616	0.8956733908010418
opengov	24752484	0	0.6605249664967603	0.2633839842534194
oprah	19397785	0	0.9470275833930609	0.7810022872554783
oreillyfactor	23970102	0	-0.9202673809775196	1.2676460307437634
p0tus	23255247	1	1.0212050518139892	-0.14031115128189964
pac43	89496720	0	-1.34648820113722	0.8266379918694617
palmaceiahome1	295171830	0	NA	NA
pamelageller	15669672	0	-1.4105520282472415	1.0227572489974395
pari_passu	53019309	0	1.055239927225928	-0.33567046086276275
patdollard	15300388	0	NA	NA
patrickmchenry	27676828	0	-0.4914450284636699	-1.7018489521732991
patriot_zero	1370016014	0	-1.3671040916942017	0.7751478336456835
patriotic_me	35216399	0	NA	NA
patriotlemonade	294145954	0	-0.6613130493134013	0.3983901977569349
pattonoswalt	139162440	0	1.0876787556970269	0.6636448942700307
pattymurray	293131808	1	0.9422477633917068	-0.5993897847797797
patvpeters	33611715	0	-1.4655172106199505	0.8780352854309579
paulbegala	352548417	0	0.9663816431862454	-0.07765708069732703
pbs	12133382	0	0.9203615434431024	0.44797589763486395
peddoc63	1379288282	0	NA	NA
peteolson	12726012	0	-0.6443111153746037	-2.072907166093369
peterroskam	20015903	1	-0.2576709529213871	-1.7500926347659922
petesessions	24735461	0	-0.5563780932949888	-1.6748097603785954
petesouza	18215973	0	0.9358357319859422	0.15464952635646576
peytonjames	42126668	0	-1.5461044889224127	0.45261090175868335
phxken	561654065	0	-1.5633660696395524	1.012805600858728
piersmorgan	216299334	0	0.2604377629538084	0.7524460802064037
pjmedia_com	7597712	0	-1.2742053079633175	0.5281809158309907
pjstrikeforce	121656624	0	-1.4022590503385755	0.969592051683219
pmgeezer	39755667	0	-1.549173786550335	0.6005335151282144
pointlesspol	805669518	0	-1.3906033694517657	0.6672211788851363
pol0tix	15406238	0	NA	NA
politicailine	3210853588	0	NA	NA
politicallaughs	374138602	0	NA	NA
politichickam	450697476	0	-1.3911609763830948	0.7191874013801978
politico	9300262	0	0.7567893368040105	0.38738523492813054
politics_pr	16711026	0	0.9800291897494227	-0.11123314559474036
politicsnation	364423298	0	0.9778221573654945	-0.061570134827614614
politicususa	14792049	0	1.0185874228688767	-0.19613230196871265
politifact	8953122	0	0.8775105433069905	0.2274607848413995
politixfireball	342821167	0	-1.4196830894832118	0.7205997686611973
politixgal	45641358	0	-1.4421712905460413	0.7373749182035316
pourmecoffee	16906137	0	0.9739039168343678	0.19760873172312896
ppact	22162854	0	1.113386647958823	0.31523236833036883
ppppolls	61220477	0	0.6602665016444267	-0.22626387477414864
presidentdiary	174316096	0	NA	NA
presssec	113420831	0	0.6945320572888953	0.1629886793962327
prfekrdumbrella	209941571	0	-1.4960317556211766	0.5785126203371975
progressivepush	19077091	0	1.0984164679572868	-0.3028400135581894
propublica	14606079	0	1.011013016528841	0.19304499670759004
proudpatriot	19286059	0	-1.466876311024285	0.5259963868257674
pryan	733751245	1	-0.6848896736608604	0.9272065161378986
pudingtane	45450902	0	-1.4472409145745075	0.6322495230239028
questlove	14939981	0	1.0654038237685572	0.6621725916367616
rainnwilson	19637934	0	0.9462367657801249	0.801508448255926
randcorporation	22545453	0	0.7143412181428178	0.029563394135432127
randy_forbes	15160884	1	-0.5885561300220568	-2.2420853687566438
randyneugebauer	34340464	1	-0.5715207544358156	-2.7090233295575596
rasmussen_poll	19553409	0	-0.8295652978407851	0.6024624651334339
rat_skates	125471278	0	-1.4906611393198297	0.9641542210905442
raul_labrador	246341769	1	-0.6029697658672347	-1.3764354528590583
ravenvape	3041527840	0	NA	NA
rbreich	148529707	0	1.0953924427718573	0.2927312911184114
rcooley123	172867574	0	1.0175079858562046	-0.20663286152223165
readyforhillary	3236446039	0	0.9904672473009982	-0.1305258306718317
reaganworld	93241358	0	-1.2111522575493068	0.7341467543104048
realbencarson	1180379185	0	-0.7634883306028207	1.1923174977177209
realdonaldtrump	25073877	0	0.10297186807102142	1.0116745224769443
realjameswoods	78523300	0	-1.1784411174014877	1.3394325356578638
realjtp	30865013	0	-1.4771911684592207	0.6857524261548452
realronhoward	125481462	0	0.908542339025936	0.6582565957929374
realstaceydash	63291287	0	-0.96131914005257	1.1728686381173334
recorwin	104874562	0	-1.3927829907736191	0.6231837870736915
redalert	418991627	0	-1.1420325417386903	0.4884148943838464
redeyefnc	182824991	0	-1.2643950421089858	1.1302336508015676
redhourben	62290422	0	0.8878040479866828	0.7649218253104815
redstate	3135241	0	-1.1553378591793853	0.7361678780302053
reince	20733972	0	-0.6080333209634539	0.7348194206460726
rep_southerland	237781383	1	-0.5962694363359103	-2.6409573620985554
rep_stevewomack	234469322	1	-0.36706326707423254	-2.2179708853363596
repadamschiff	29501253	1	1.1069559022358535	0.4966037413192712
repadamsmith	58928690	1	0.7816481058990665	-1.2692475244228867
repalannunnelee	240376522	1	NA	NA
repalgreen	156333623	1	0.8837637914236474	-1.030615723396378
repandrecarson	199325935	1	0.7438555706959862	-1.4078855562499555
repannaeshoo	249348006	1	0.7982757934134207	-1.3745818166930934
repanniekuster	1058717720	1	0.7944480254061222	-1.2450456496765083
repannwagner	1051446626	1	-0.413753121622673	-1.2516155733014829
repbarbaralee	248735463	1	1.0701520727678642	-0.3898336387090734
repbecerra	133832049	1	0.9213092930486295	-0.8428133594320292
repbenraylujan	19318314	1	0.7611967675046636	-1.5069176294364885
repbillflores	237312687	1	-0.6635635240232977	-1.9517484759114085
repbilljohnson	211530910	1	-0.3751148116418402	-2.5362956052636636
repbillshuster	22527499	1	NA	NA
repbobbyscott	161791703	1	0.7057408609690482	-1.6419918016366417
repbobgibbs	234822928	1	-0.4346563452294087	-2.5127001488241953
repbrady	148453195	1	0.6797204861616631	-1.5101303432699393
repbrianhiggins	33576489	1	0.7065481532355717	-1.1632049510223295
repchrisgibson	234937222	1	-0.0719822541435291	-2.1601985311230107
repchuck	235190657	1	-0.48596567196756946	-2.272930448998262
repcleaver	163570705	1	0.7642413128975437	-1.3557055284026873
repcohen	162069635	1	0.9400947267245651	-0.7930084730543763
repcorrinebrown	292935209	1	NA	NA
repcorygardner	2982232408	1	-0.4404702805332724	-3.163338885546439
repcuellar	210926192	1	0.3684522891405171	-2.020998599958922
repcummings	787373558	1	1.0811309003266025	-0.07427741872822417
repdankildee	1045110018	1	0.8389531856498598	-0.8990890705430817
repdavecamp	28176898	1	NA	NA
repdavid	229197216	1	-0.33572183702687586	-1.3490521789518408
repdavideprice	155669457	1	0.8193211618651065	-0.9078454925269169
repdavidscott	168673083	1	0.5789663537219027	-2.11131722499882
repdennisross	33655490	1	-0.5563014407843577	-2.0699504250922773
repdianadegette	28599820	1	0.7624837132636992	-1.2516782629095384
repdianeblack	110545675	1	-0.7052048518588977	-1.4687888038860022
repdonnaedwards	82649553	1	0.8935233871679991	-1.3689925480028098
repdonyoung	37007274	1	-0.11507053860691979	-2.161786474374449
repduckworth	1058520120	1	1.0821558782944247	-0.057624945553645196
repebj	168502762	1	0.7440256724762846	-1.6348696188096634
repedroyce	246769138	1	-0.13060083862243785	-1.819142716845491
repeliotengel	164007407	1	0.7677268552019717	-1.4185731700044935
reperikpaulsen	17513304	1	0.1324252078152404	-0.9285298144127534
repfinchertn08	249219716	1	-0.599946657949625	-2.561542594354788
repfitzpatrick	237944147	1	-0.209633632531551	-2.371884582186022
repfleming	84620376	1	-0.5664207863288491	-2.162612430405691
repfredupton	124224165	1	0.0016289011354554005	-1.7495349674719782
repgaramendi	88806753	1	0.7589083205711138	-1.3800746244352486
repgarypeters	2982232534	1	NA	NA
repgenegreen	111635527	1	NA	NA
repgoodlatte	37920978	1	-0.9894862854118107	-0.30443264210514676
repgosar	240760644	1	-1.0441148612384294	-0.19091978154178685
repgregwalden	32010840	1	0.06647240409150086	-1.881750773749913
repgusbilirakis	26051676	1	-0.3778580261926853	-2.4340895020689244
repgutierrez	36948268	1	0.9045172176098087	-0.7803287568986029
repgwenmoore	22669526	1	0.8999017102991325	-0.9856498330763734
rephanabusa	235373000	1	0.7574687214034775	-1.6165096340175387
rephankjohnson	24745957	1	0.8274962274176483	-1.367467531622263
rephartzler	237763317	1	-0.5268743462369512	-1.7077757994824672
rephensarling	18566912	1	-0.5709050462145677	-2.048095799246522
rephuizenga	233949261	1	-0.2840424725430523	-1.9635976162440936
rephultgren	237814920	1	-0.11788470449043122	-2.3553640281751433
repjbridenstine	1092757885	1	-1.0905480085260029	-0.47126897499599407
repjeffdenham	248699486	1	NA	NA
repjeffduncan	240393970	1	-1.1433771376671187	0.01742807466750254
repjerrynadler	40302336	1	1.0528568959581	-0.1728513434938558
repjimcooper	22523087	1	0.7931889767341709	-0.8247661866983262
repjimmatheson	46016028	1	0.08357450794318769	-0.9743697627513066
repjimmcdermott	132201224	1	0.7914908682934245	-1.3713843970636825
repjimrenacci	236916916	1	-0.30025506740803865	-2.4994373678778623
repjoebarton	19929362	1	-0.46518297207776027	-2.2470611589519143
repjoecourtney	85396297	1	0.6827290222877065	-1.6696700190726494
repjoecrowley	111635980	1	0.8073639750702986	-1.4300368190049166
repjoeheck	222286905	1	NA	NA
repjoekennedy	1055907624	1	1.1010566726622977	0.14959067371409404
repjoepitts	198526130	1	NA	NA
repjohnbarrow	2982162291	1	NA	NA
repjohnconyers	138770045	1	0.8192465134698971	-1.354918419613634
repjohnkline	76350004	1	-0.06489503948532081	-1.259038179556294
repjohnlarson	50452197	1	0.7195287184814105	-1.6590793618709372
repjohnlewis	29450962	1	1.1199211538582352	0.2659018733304875
repjohnyarmuth	384913290	1	0.9137582014578602	-0.7642491551993892
repjonrunyan	309267226	1	-0.009680987019561056	-1.713846689217582
repjoseserrano	33563161	1	0.7290554524719662	-1.7156920307117602
repjudychu	193732179	1	0.9383504927149812	-0.9763651672057754
repjustinamash	3058189305	1	NA	NA
repkarenbass	239949176	1	1.013914859781188	-0.6689075315015153
repkaygranger	161743731	1	-0.4000536524319	-2.123505955158362
repkenmarchant	23976316	1	-0.5915744762038817	-2.3467335715800695
repkevinbrady	19926675	1	-0.8032729583154757	-1.3280073156036116
repkevinyoder	252819642	1	-0.2750826518274023	-1.862222271148689
repkinzinger	219429281	1	0.2273937801887443	-0.6931722452695932
repkristinoem	235251868	1	-1.2361632303224284	0.9736229017419769
replankford	2982190139	1	NA	NA
replarrybucshon	234812598	1	-0.2731072202063359	-2.5630512510376273
replindasanchez	312134473	1	0.7292065717845113	-1.7049944172641653
replloyddoggett	153944899	1	0.7618544904314779	-0.9549198233536372
replobiondo	241207373	1	0.13847240385476295	-2.2547819103563023
reploiscapps	292990703	1	0.6520793898201255	-1.9177303476331937
reploubarletta	239871673	1	-0.5310214989100953	-1.7551725491037866
replouiegohmert	22055226	1	-1.40135835279009	0.8572153079221355
replynnjenkins	19658173	1	NA	NA
repmaloney	258900199	1	0.9639081633515486	-0.8898568323131798
repmarciafudge	153486399	1	0.8892303466264802	-1.1005111775021197
repmarktakano	1037321378	1	0.9519044344978421	-0.9784373564527644
repmartharoby	224294785	1	-0.5426362959161766	-1.9120548915627973
repmcclintock	50152441	1	-0.5925856117469254	-1.155961003684048
repmcgovern	242426145	1	0.9322330280076195	-0.7915496406867221
repmckinley	240427862	1	-0.15999709072358959	-2.551305017122189
repmeehan	248850174	1	NA	NA
repmgriffith	234057152	1	-0.33309694928302436	-2.556827665669151
repmickmulvaney	240385577	1	NA	NA
repmikecoffman	19407835	1	0.086671652454858	-1.631933664615278
repmikehonda	16583468	1	0.7654719096421925	-1.5189414400292218
repmikemcintyre	3539455334	1	NA	NA
repmikemichaud	19918558	1	0.5730038300919809	-1.7190017076265334
repmikepompeo	244268646	1	NA	NA
repmikequigley	56864092	1	0.8670997697990298	-1.1158514768609564
repmikerogers	156703580	1	-0.0029199906832281463	-0.7389586876390445
repmikerogersal	33977070	1	-0.4722506378053112	-2.328623806769603
repmiketurner	51228911	1	-0.5173084820132441	-1.4976382880024852
repmobrooks	237299871	1	-0.862741923777337	-1.0641922531430625
reppaulbrounmd	2982157083	1	NA	NA
reppaulryan	18916432	1	-0.357023852878587	0.8708782712210614
reppaultonko	84119348	1	0.7686029188522965	-1.3605858480057877
repperlmutter	20552026	1	0.5983117350248435	-1.5242143448707364
reppeteking	18277655	1	-0.37584746427121946	-0.6623435493220643
reppeterdefazio	252249233	1	0.7887337748206248	-1.3672138732524444
repphilgingrey	32506723	1	-0.6724615291435435	-2.4382597753064212
repraulgrijalva	28602948	1	0.8550023836436688	-1.1135578899397627
repreneeellmers	213634439	1	-0.752881467359067	-1.36025257804949
repribble	234053893	1	-0.40280705174424497	-2.2647997805069298
reprichardhanna	236899846	1	0.059542097090241775	-2.2897885787615913
reprichmond	267854863	1	0.8667637716618276	-1.1113048377782508
reprickcrawford	233693291	1	-0.5936073349063395	-2.114093621079974
reproberthurt	234837632	1	-0.340847090203593	-2.9187961001944465
repronkind	112740986	1	0.5574662340395876	-1.5666630970844457
repsamfarr	158398519	1	NA	NA
repsandylevin	25781141	1	0.752071933441564	-1.4161993700840407
repschrader	20545793	1	0.6029783662293995	-1.9085670672531598
repscottrigell	221793778	1	-0.3400818126070946	-2.4909446349022413
repseanduffy	234022257	1	-1.0006427521944055	-0.17687739531993732
repshelley	2982192437	1	NA	NA
repshimkus	15600527	1	-0.24505471076975754	-2.3590100084181866
repsinema	1080844782	1	0.6540490127449813	-0.303667601871892
repsires	18696134	1	0.585257638418552	-1.9182287262399673
repspeier	24913074	1	0.9898058848534576	-0.730756729173531
repstevechabot	237750442	1	-0.43490487380351905	-2.2184478212580796
repsteveisrael	20002401	1	0.6674856950029017	-1.2593444632117017
repstevepearce	235271965	1	NA	NA
repstevestivers	211420609	1	-0.08418521290795296	-2.3170242299477746
repteddeutch	137794015	1	0.8715087246648828	-0.926986068624424
repterrisewell	381152398	1	0.8566588035811745	-1.2161440660869016
repthomasmassie	975200486	1	-0.9241702382530813	0.277610307605842
reptimgriffin	2982231454	1	NA	NA
reptimmurphy	117777832	1	NA	NA
reptimryan	13491312	1	0.8864122916396698	-0.5488624527798757
reptipton	242873057	1	-0.020817208405700192	-2.1418951331464213
reptoddyoung	234128524	1	-0.07669065774501299	-1.525489660058581
reptomgraves	190328374	1	-0.6570934426345093	-2.1638749725773216
reptommarino	240363117	1	NA	NA
reptomprice	6577802	1	-0.6384980201515156	-1.166255038470259
reptomreed	252819323	1	0.056015558848679585	-2.01401568434844
reptrentfranks	24773493	1	NA	NA
repwalberg	237862972	1	-0.35051287847011897	-2.023898489489253
repwalterjones	26778110	1	-0.30267493522337197	-1.963258209425721
repwestmoreland	137407124	1	-0.5144753331967071	-2.7373442235577676
repwilson	234014087	1	0.9399389543954877	-0.8228326026785951
resisttyranny	58708159	0	-1.4243438623355706	0.7532169569809433
restorehistory	1669492729	0	-1.4300278157031785	0.9016232624501902
reuters	1652541	0	0.7307164936713034	0.5704789949283324
rev_gordon	195092201	0	-1.424126708474499	0.5751761142889431
richardengel	47438401	0	0.9443050296758795	0.11570074821777963
richardwolffedc	56700964	0	0.9432850393560038	-0.17541672568467329
ricksantorum	58379000	0	-0.8078460842780028	0.704950198553899
rickygervais	20015311	0	0.7864744417364294	0.8071525317637605
rightwingangel	415836996	0	NA	NA
rightwingart	554335063	0	NA	NA
rightwingertoo	22099720	0	-1.517671941150286	0.7349496993058711
robdelaney	22084427	0	1.0827241747387062	0.6056531959381355
robert_aderholt	76452765	0	-0.4021357852333066	-2.355378311709948
robportman	2612307559	1	-0.35631093136653197	-0.35293496876738945
robwittman	15356407	1	-0.3433771072021681	-2.1029319026071955
rockprincess818	715044396	0	-1.4703390303860997	1.009249291025831
rolandsmartin	16116288	0	1.0105443608469151	0.31778794161251395
rollingstone	14780915	0	0.9269996561894168	0.6291660539573782
ronanfarrow	340613443	0	1.0513836479929983	0.3656803655929286
ronc99	259094582	0	NA	NA
ronpaul	287413569	0	-0.45448427057613067	0.696616881512276
ronwyden	250188760	1	0.9325579805943682	-0.6594171588753391
rosadelauro	140519774	1	0.9004324517533339	-1.0869086726386517
rosie	25203361	0	1.067749572333844	0.5057056179935845
roslehtinen	14275291	1	0.12978583204133068	-0.8314734276196849
royblunt	21269970	1	-0.13290983691499764	-1.4309499286347505
ruach321	373703200	0	-1.50589277365775	0.9853538632061266
rumsfeldoffice	193785644	0	-0.9428814702446935	0.5285223908115549
rushholt	111379452	1	0.9326266925587727	-0.7983490210060916
rushlimbaugh	342887079	0	-1.2891908224277675	1.3476184641549047
rustyrockets	19562228	0	0.9253586292080896	0.8271333908497716
rwhitmmx	50094643	0	-1.2601816578916087	0.9514033941283729
rwsurfergirl	112874216	0	NA	NA
salon	16955991	0	0.9827495013879424	0.2656176553683035
samseder	15473574	0	1.0570976982192093	-0.005663239761104528
samsteinhp	15463671	0	0.9449971521889547	-0.032384475552143875
samuelljackson	75974281	0	0.9674531009865466	0.7367426728677315
sandrafluke	494583213	0	1.0439677333636361	-0.08480641446881873
sanfordbishop	249410485	0	0.5860268554251105	-2.143096868626763
sarahksilverman	30364057	0	1.0531007518117925	0.7109236531306768
sarahpalinusa	65493023	0	-0.8851896758872143	1.125176283192094
saramarietweets	18124830	0	-1.2385495733136256	0.546939296171694
saxbychambliss	538185166	1	-0.4680632187492677	-1.4969775207229883
saynotogop	849169945	0	1.0068277991253796	-0.32521061558332676
schwarzenegger	12044602	0	0.6705823248824054	0.6065030328645878
scleghorn2	605762052	0	-1.497629949498035	0.7599854160690938
scottwalker	33750798	0	-0.9279480356711178	0.7584656523028096
scotusblog	16228479	0	0.7575582157878706	0.14309033934640425
scrowder	19091173	0	-1.275157045774766	1.291457893915757
sealofhonor	291941733	0	-1.0557294416281355	0.8314920024888447
seanhannity	41634520	0	-0.8822160504352754	1.2582951787583139
secupp	19268706	0	0.03886215636352937	0.4493288744457262
seiu	14695985	0	0.9606978048604573	-0.34855607592003574
sen_joemanchin	234374703	1	0.2951080105713968	-0.959099938620902
senalexander	76649729	1	-0.0589812163640396	-1.2295525841427934
senangusking	1068481578	1	0.7678232274214286	-0.987481469016173
senate_gops	14344823	0	-0.5138875493073765	0.6353427484243483
senatedems	73238146	0	0.9548342897016033	0.2804275620287316
senatorbaldwin	1074518754	1	0.875935435380082	-0.7702787506657857
senatorbarb	132278386	1	0.7865427988137714	-1.1294616545113614
senatorbegich	83901492	1	0.3626589519949629	-1.9336629443537996
senatorboxer	15442036	1	0.9457934009041543	-0.4469671174623028
senatorburr	21157904	1	0.10994711407975147	-0.9812497532301955
senatorcardin	109071031	1	0.7709205956414761	-1.2592595415229109
senatorcarper	249787913	1	0.6523684271270358	-1.5636985131348204
senatorcollins	19726613	1	0.35707839765387295	-0.31183197198262497
senatordurbin	247334603	1	0.9500881711270222	-0.43905141351187704
senatorenzi	291756142	1	-0.1577575370441115	-2.0143455477119683
senatorfischer	1071402577	1	-0.12372877121419586	-1.7068188730354874
senatorhagan	2990240959	1	NA	NA
senatorharkin	115733549	1	0.6118328106874851	-1.100786227004753
senatorheitkamp	1061029050	1	0.6142727685822648	-1.323229476128054
senatorisakson	78403308	1	-0.10932797360596862	-1.354327693867504
senatorkirk	211588974	1	0.31499030404725314	-1.27082871912159
senatorleahy	242836537	1	0.8851910427790332	-0.8765517059217827
senatormenendez	18695134	1	0.7641702112213137	-0.8588643324181784
senatorreid	16789970	1	0.8086811738188826	-0.03289831432059174
senatorrisch	1096059529	1	-0.09611723269634818	-2.0135966290151686
senatorsessions	47975734	1	NA	NA
senatorshaheen	109287731	1	0.6932852180234829	-1.3211667810193983
senatortimscott	217543151	1	-0.9527760101077072	0.6118270132139213
senatortomudall	60828944	1	0.7372771963597686	-1.3511939091643361
senatorwicker	264219447	1	-0.18989411353368377	-2.0125095653158778
senbennetco	224285242	1	0.91497956899603194	-0.5502499759580315
senbillnelson	20597460	1	0.6581465768511666	-0.6418152605655659
senblumenthal	278124059	1	0.9791248197640101	-0.4268017248063399
senbobcasey	171598736	1	0.8451005517090173	-0.6597292626989916
senbobcorker	73303753	1	0.35794899327521	-0.5432511721156894
sencarllevin	93761782	1	0.6473234724702638	-1.27067981082595
sendancoats	212262370	1	-0.10360350357917933	-1.8059131241680537
sendeanheller	266133081	1	0.12287991505262283	-1.5204383846389602
sendonnelly	216503958	1	0.4704884583938513	-1.5080836364212171
senfeinstein	476256944	1	1.0359245271019397	0.17315335940681365
sengillibrand	72198806	1	1.0637330427045315	0.2920579613642529
senjackreed	486694111	1	0.7258407592442204	-1.3757528540767898
senjeffmerkley	29201047	1	0.9691317287189959	-0.6235020618766596
senjohnbarrasso	202206694	1	-0.359527412804371	-1.5967556450595315
senjohnhoeven	382791093	1	-0.07942759984227643	-1.9660816916434756
senjohnmccain	19394188	1	0.49491782930813916	0.47686491880921805
senjohnsonsd	244243985	1	0.19396175786137979	-2.135537131243856
senjohnthune	296361085	1	-0.49758644446460953	-1.1867272078452407
senlandrieu	413466731	1	0.48191240579949157	-1.3135270806421386
senmarkpryor	2982190553	1	NA	NA
senmikelee	88784440	1	-1.0434206722173058	0.7548680073974875
senorrinhatch	262756641	1	-0.5990632580795352	-0.4596341487352653
senpatroberts	75364211	1	-0.19672161150812004	-1.9867920931151668
senronjohnson	233737858	1	-0.4837185555828882	-0.8521041023719602
sensanders	29442313	1	1.0685783454561197	0.8328939578686895
senschumer	17494010	1	1.0458169552238756	0.5052166472580789
senshelby	21111098	1	-0.3217268319982118	-1.5822933009274431
sensherrodbrown	43910797	1	0.9618472152403101	-0.36061909993812374
sentedcruz	1074480192	1	-0.9538852212261975	1.2301288228107838
senthadcochran	555474658	1	-0.10175877472601069	-2.225482916856985
sentoomey	221162525	1	0.12929623771463125	-0.9817831900689798
senwarren	970207298	1	1.1157817617331598	0.7889967405636962
senwhitehouse	242555999	1	0.977948354984103	-0.6340017828539108
sethmacfarlane	18948541	0	0.9433989001802228	0.7856837096113806
sethmeyers	44039298	0	0.9867581564330278	0.7035754953096754
sexyliberal	2902953095	0	NA	NA
shannonbream	18983793	0	-1.247428242559611	1.1466405661739296
sharylattkisson	203226736	0	-1.2418953400228023	0.9672990348346803
sinoradio	54229868	0	-1.1188094156572839	0.5736819200361389
sirpatstew	602317143	0	1.011396387858104	0.6795875215662578
sistertoldjah	16377693	0	-1.3533776937923985	0.5923964427008516
slate	15164565	0	0.9689219304852134	0.38904686338178257
sljohnst	23330730	0	-1.3798583468938115	0.853952912047267
smithsonian	14199378	0	0.8356056554642108	0.48549479282518826
smlbound	50057841	0	-1.4858345945324258	0.6503690304959169
smshow	80944550	0	1.0884282133778205	0.030159766404765215
soldierjohn	109192303	0	NA	NA
soledadobrien	26548315	0	1.0300237900642493	0.32988431479150887
soopermexican	5781452	0	-1.3213473615211806	0.8028693629393076
soshajustis	76057201	0	-1.3576682401357751	0.7398502229114932
southerntalker	22873947	0	1.0152342869234772	-0.4946684679049692
speakerboehner	7713202	0	-0.17558849999477644	0.4690230895698407
spreadbutter	26643566	0	-1.539838833707122	0.6401415116058213
srjones66	63013144	0	0.9974419238928736	-0.25373709523970495
stabenow	20113797	0	0.8094507514517335	-0.7341807682024638
statedept	9624742	0	0.47163154082586045	0.5529054745699652
stefcutter	114547989	0	0.8671967841829806	-0.2053580046136265
stephenathome	16303106	0	1.024215261318045	0.6904271212097293
stephenfhayes	69773058	0	-0.8864058908068708	0.7368168574608691
stephenfry	15439395	0	0.995668473564593	0.6535827501035693
stephenkruiser	12144232	0	-0.9739920170566665	0.6737005293685415
stephenstephan	42091611	0	-1.1729575804308576	0.779154687014334
stevecarell	500042487	0	0.9124469416574013	0.8480393358383901
stevekingia	48117116	0	-0.8181987675234974	-0.07771605359961181
stevekornacki	44134773	0	1.038302265494447	0.19315715268585704
stevemartintogo	14824849	0	0.8767285269801124	0.7659463634596709
steveworks4you	1059240924	1	-1.3410772352036906	0.13364163903168524
stonewall_77	885733974	0	-1.2134508235180852	0.9351760932440337
sullydish	331816614	0	0.8143231987735885	0.250499218065392
sunbeltgirl	356199275	0	-1.5133429573469028	0.7501295136910328
talkmaster	16725276	0	-1.2830293768522798	0.8851495164219118
tamij	16259228	0	-1.4437295143401045	0.369648301087152
tamronhall	21228708	0	0.95609548464377	0.3075709121636169
tavissmiley	10886522	0	0.9718835727268306	0.31613466582142336
tayloregly	60784269	0	-0.9360461340510842	0.8673428685204437
teamcavuto	223970563	0	-1.117960841555369	1.1674111403643697
teapartycat	27754737	0	0.9902171825765191	0.15940233260711467
teapartyexpress	16366471	0	-1.3024408415688713	0.8302538958031822
teapartynevada	44135635	0	-1.3432322984140284	0.913528381931446
tedcruz	23022687	1	-0.769896656046722	1.2433593452256866
tednugent	17879692	0	-1.2536741229030497	1.2079947369644448
tedtalks	15492359	0	0.8924206789581318	0.695369290016932
tehachapihomes	360080281	0	-1.4539300797440071	0.7175177950884284
terri_georgia	49021031	0	1.046519943268349	-0.4028843735421904
texyellowdogdem	868856461	0	1.032801309419829	-0.30976369630794365
tgowdysc	237348797	1	-1.287335441605813	1.3295221507933732
theatlantic	35773039	0	0.9847396919809427	0.375998769221303
theblaze	10774652	0	-1.119185329793839	1.1945106226341278
thebubblebubble	320524842	0	-0.6151237715894609	0.4541968739281959
thedailybeast	16012783	0	0.8574561549858511	0.3503811885235054
thedailyedge	179732982	0	1.069497047659562	-0.030527988326842136
thedailyshow	158414847	0	1.0550364800677832	0.6566676370764447
thedavidmcguire	403171779	0	NA	NA
thedemocrats	14377605	0	1.0087554069259892	0.4534333422559624
theeconomist	5988062	0	0.7639349684886186	0.5516586562430716
theellenshow	15846407	0	0.9121330832669786	0.8353768523845955
thefix	14412533	0	0.720745884378921	-0.04746896265654451
theflacracker	27783848	0	-1.190283039087584	0.34207332256265777
thehermancain	28587919	0	-1.2105977698029768	1.1253496038555122
thelastword	182503471	0	1.0322544329131802	0.1550024909205823
thenation	1947301	0	0.9791156141740178	0.14470112029455545
thenewdeal	78569026	0	1.0294204232385349	-0.14983608936620377
theobamadiary	325340909	0	NA	NA
theonion	14075928	0	0.9014601771365839	0.6719112624664051
theoutergalaxys	314260116	0	-1.5845039199007986	0.7573276345454463
theplumlinegs	20508720	0	0.9490725612109115	-0.1916912625530563
thereval	42389136	0	0.9746062689017307	0.23140062909054562
theroot	23995748	0	1.0944333246430054	0.28699235260377076
thescienceguy	3028904482	0	1.0836921140713889	0.45418368436947654
theteaparty_net	218027755	0	-1.4106844969803733	0.8852118158010577
thetoady	263471041	0	-1.445522680115274	0.7467812020116599
thetweetofgod	204832963	0	1.0756606617214335	0.5935467270155539
theyoungturks	14957147	0	1.0348407803971766	0.3389864919800758
thinkprogress	55355654	0	1.0187381454142186	0.14610734931778085
thom_hartmann	21414576	0	1.067961801891922	-0.00760971633941591
thomas_more_law	258527170	0	-1.485435649788205	0.6506909691868615
thomasjwhitmore	18653708	0	-1.4891271188897293	0.7052381043673694
thomassowell	57338175	0	-1.2418648977629896	1.1400816859476326
timbishopny	153919023	0	0.6785903656161174	-1.1720400244347602
time	14293310	0	0.8363046422633605	0.6260254917091687
timenout	54769979	0	-1.3830261789883114	0.9530104886310513
timpawlenty	23134068	0	-0.5525460277136913	0.029942624573736067
timtebow	166270127	0	-0.28622050873682636	1.0974811386340801
tjholthaus	28162811	0	-1.057178980809968	0.26661809577386736
tjurman	24099461	0	-1.4941627549419423	0.49034381676794636
tkinder	9376622	0	-1.300115372673799	0.5014485472356542
tmckeaigg	257801122	0	0.9992284512500927	-0.24118603558576493
todayshow	7744592	0	0.7395741863578261	0.6472372711267456
toddrokita	17544524	0	-0.2903121359815892	-1.8016536340323648
toddstarnes	15515169	0	-1.3800063396950157	0.8583575461532169
tomcoburn	18216752	1	-0.8341736231750247	-0.31507775329044957
tomcoleok04	23124635	1	-0.21697823664724644	-1.4985705929568642
tomhall	14993272	0	0.7869596222169184	0.08405464382057569
tomhanks	50374439	0	0.8766722836908557	0.7986324238256804
tomlatham	10102032	1	-0.41856468417712334	-1.258758096081864
tomrooney	23970171	1	-0.4143635409068102	-2.158883823801231
toure	18766459	0	1.059736979633042	0.12845896678949117
townhallcom	28614262	0	-1.2958170423447544	0.8387149682569799
tpm	14717197	0	0.8683243149784571	-0.0188938324347506
tppatriots	86177206	0	-1.3398317421690888	0.9729678145170678
tracyachambers	915594294	0	-1.465886132341177	0.785101742879
trendingblue	242288569	0	0.6509375879982184	-0.0067233404700359645
treyradel	17198100	1	-0.462953927011545	-0.5493098951677734
trscoop	18208120	0	-1.3813896494592206	0.6482299062365545
truckingrich	297769932	0	-1.3982922382157026	0.726084388676936
truckshorsesdog	62815642	0	NA	NA
trunewsradio	129019194	0	-1.3480333895862386	0.9157977706173319
truthfulorator	1594679162	0	1.0594300067834286	-0.3926411835290829
truthout	19605981	0	1.0114965375259242	0.04033339355817813
ts_fitzgerald	993951462	0	-1.1825760064668083	0.607382265580883
tuckercarlson	22703645	0	-0.9960926138534753	1.2641928283616757
twitchyteam	469194846	0	-1.3458980929141742	1.130594796286385
txfairtaxer	324602503	0	-1.4115889951886218	0.6394634426957929
txrightwing	707305604	0	-1.5043984595447013	0.6828568260793737
un	14159148	0	0.8258526636762367	0.5607753641207059
unclerush	25110374	0	0.959308332900484	0.7180270188379798
under_dogma	188848758	0	-1.2986155745542782	0.575931120921466
unicef	33933259	0	0.8860319219229446	0.47751563398808194
uniteblue	360285166	0	1.0253042724208485	-0.2041467628429828
uniteright	3146202265	0	NA	NA
upwithsteve	69193833	0	0.9958071556627373	-0.03773940420916426
upworthy	524396430	0	1.0328556627600785	0.5227206623476408
usatoday	15754281	0	0.6665125397235923	0.5730664788529507
usprogressives	246088673	0	1.03513498895887	-0.3817893378899798
usrepmikedoyle	39249305	1	0.6550904762561639	-1.4723855242525
usreprhinojosa	239905257	1	0.4388162028918815	-2.397126264412905
vanityfair	15279429	0	0.9450713758049378	0.575086039238548
vanjones68	131497030	0	1.0521688268274862	0.38773355887358313
varepall	1955132936	0	-1.4083340435598806	1.0725595707874847
vernbuchanan	20467163	1	-0.5116823206521031	-1.6745469550993404
virginiafoxx	16256269	1	-0.4981701330566985	-1.9823485861705217
vistajake	190589983	0	-1.331414964796338	0.8405541140904516
vj44	595515713	0	0.9044597406617011	-0.004229032715114861
vp	325830217	1	1.0080689107130554	0.6908410849151112
wagnergirle	22456513	0	-1.430845664391858	0.7673821179915029
wanderer19	48854106	0	1.0701410410833236	-0.28622769818174437
warrenbuffett	1364930179	0	0.7846518532052086	0.583410459427174
warriorwoman91	118190428	0	-1.1474934257880307	0.6517025102740129
washingtondctea	26122639	0	NA	NA
washingtonpost	2467791	0	0.8746793260331179	0.5690501700394818
waynebogda	111225697	0	-1.3406965182499175	0.9851676115839713
waynedupreeshow	282695161	0	-1.4078352013417	1.19183719929107
weeklystandard	17546958	0	-0.7427545971381387	0.4530614426331108
wegoted	3113887713	0	0.9525847239952279	-0.7860108265389038
wendydavistexas	2336902850	0	0.6504516774346911	0.17504694992864583
whiphoyer	22012091	0	0.7957548652215439	-0.8844663042720465
whitehouse	30313925	0	0.8535021952431469	0.6679958079240023
whlive	369505837	0	0.8501113071213695	0.28085255005893467
whoopigoldberg	284602545	0	1.0181327307812047	0.6369327873749461
wikileaks	16589206	0	0.11389932108936082	0.7702961245126754
willis9189	450224751	0	NA	NA
wisesensei	636303971	0	-1.3574398977645452	0.553248670555276
wolfblitzer	71294756	0	0.8014559818587836	0.35990371080404016
workingamerica	51228973	0	0.9859229575329093	-0.4098027328413546
wsj	3108351	0	0.6257490726504551	0.6497905685320267
yipeedog	633899914	0	-1.2387398532583591	0.7543589790633949
yokoono	17681513	0	0.9996788277407346	0.5964216288269103
yougivemefever7	334660170	0	1.0608608419211802	-0.34317406438761566
youngcons	42822396	0	-1.3696054596458942	0.8554323673468152
yvetteclarke	240812994	0	0.9471034606981534	-0.8374746821011553
zeitgeist2o12	263358545	0	-1.480785515858192	0.549641584785561
zooeydeschanel	66561957	0	0.9483256269398745	0.8965888128203511
